大項目	中項目	小項目	修正前	修正後	対応要否	コメント（あれば）	修正内容
Chapter 0	2. ヒアリングにおける観点とそのやりかた	はじめに	これはサンプルです！	これはサンプルです！このように、修正前と修正後の内容を分けて入れてください！	完了		
基本機能編_完全手順書	Part 1: 要件定義書：1. システム概要	技術スタック	サーバーサイド/PHP/8.2	サーバーサイド/PHP/8.5	完了	模範解答のバージョンがこちらのような気がします。\nまた模範解答のバージョンで合わせるなら、構築時のインストールのバージョンも合わせてご確認いただきたいです。よろしくお願いいたします。	Part 1 技術スタックの PHP バージョンを 8.2 → 8.5 に更新
基本機能編_完全手順書	Part 1: 要件定義書：1. システム概要	技術スタック	データベース/MySQL/8.0+	データベース/MySQL/8.4+	完了	模範解答のバージョンがこちらのような気がします。\nまた模範解答のバージョンで合わせるなら、構築時のインストールのバージョンも合わせてご確認いただきたいです。よろしくお願いいたします。	Part 1 技術スタックの MySQL バージョンを 8.0+ → 8.4+ に更新
基本機能編_完全手順書	Part 1: 要件定義書：2. ルート仕様書	2.1. Webルート (routes/web.php)	GET・ /genres/{genre}・GenreController@show・ジャンル別書籍一覧・不要	GET・ /genres/{genre}・GenreController@show・ジャンル別書籍一覧・必要	完了		Part 1 Webルート GET /genres/{genre} の認証を 不要 → 必要 に修正（実コードの Route::resource auth middleware と整合）
基本機能編_完全手順書	Part 1: 要件定義書：2. ルート仕様書	2.1. Webルート (routes/web.php)		GET /reading-plans ReadingPlanController@index 読書計画一覧 必要\nGET /reading-plans/create ReadingPlanController@create 読書計画作成フォーム 必要\nPOST /reading-plans ReadingPlanController@store 読書計画作成処理 必要\nGET /reading-plans/{reading_plan}/edit ReadingPlanController@edit 読書計画編集フォーム 必要\nPUT/PATCH /reading-plans/{reading_plan} ReadingPlanController@update 読書計画更新処理 必要\nDELETE /reading-plans/{reading_plan} ReadingPlanController@destroy 読書計画削除処理 必要\nPOST /reading-plans/{reading_plan}/complete ReadingPlanController@complete 読書計画完了処理 必要\nGET /notifications NotificationController@index 通知一覧 必要\nPOST /notifications/{id}/read NotificationController@markAsRead 通知既読処理 必要	完了	追加をお願いいたします。	Part 1 Webルートに reading-plans 7ルート + notifications 2ルート + reports 1ルートを「応用」区分で追加
基本機能編_完全手順書	Part 1: 要件定義書：3. テーブル仕様書	3.1. ER図	genres1対book_genre0または多	genres1対book_genre1または多	完了	book登録時にbook_genreレコードは必ず1件以上登録されるため	Part 1 ER図のカーディナリティを genres ||--o{ → genres ||--|{ book_genre に更新（1対多に変更）
基本機能編_完全手順書	Part 1: 要件定義書：3. テーブル仕様書	3.1. ER図		reading_plansテーブル\nnotificationsテーブル	完了	追加したものをお願いしたします。	Part 1 ER図に reading_plans (users / books との関係) を「応用」として追加。notifications はモーフィック関係のため ER 図には含めず注釈で言及
基本機能編_完全手順書	Part 1: 要件定義書：3. テーブル仕様書	3.2. テーブル定義/users	主要カラム：\nid, name, email, password	id, name, email(unique), password	対応不要	備考にLaravel標準とあるので、対応不要でも大丈夫です。	採点者「対応不要でも大丈夫」と明記。users テーブルの email unique は Laravel 標準のため備考に追記程度（テーブル定義行で言及）
基本機能編_完全手順書	Part 1: 要件定義書：3. テーブル仕様書	3.2. テーブル定義/books	主要カラム：\nid, user_id(FK), title, author, isbn(nullable/unique), published_date(nullable), description, image_url	id, user_id(FK), title, author, isbn(nullable/unique), published_date(nullable), description(nullable), image_url(nullable)	完了		Part 1 テーブル定義 books に description(nullable)、image_url(nullable) を明記。基本/応用の差分（isbn・published_date の nullability）も備考に明記
基本機能編_完全手順書	Part 1: 要件定義書：3. テーブル仕様書	3.2. テーブル定義/book_genre	備考：\n中間テーブル、複合主キー(book_id, genre_id)、timestamps なし	中間テーブル、複合主キー(book_id, genre_id)、timestamps なし、book_id CASCADE、genre_id CASCADE	完了		Part 1 テーブル定義 book_genre 備考に book_id CASCADE、genre_id CASCADE を追記
基本機能編_完全手順書	Part 1: 要件定義書：3. テーブル仕様書	3.2. テーブル定義/reviews	主要カラム：\nid, user_id(FK), book_id(FK), rating(tinyInt), comment(NOT NULL)	id, user_id(FK), book_id(FK), rating(tinyInt), comment	完了		Part 1 テーブル定義 reviews 主要カラム comment(NOT NULL) → comment に変更
基本機能編_完全手順書	Part 1: 要件定義書：3. テーブル仕様書	3.2. テーブル定義/reviews	備考：\nCASCADE	user_id CASCADE、book_id CASCADE	完了		Part 1 テーブル定義 reviews 備考を 'CASCADE' → 'user_id CASCADE、book_id CASCADE' に変更
基本機能編_完全手順書	Part 1: 要件定義書：3. テーブル仕様書	3.2. テーブル定義/favorites	備考：\n中間テーブル、複合主キー(user_id, book_id)、timestamps なし	中間テーブル、複合主キー(user_id, book_id)、timestamps なし、user_id CASCADE、book_id CASCADE	完了		Part 1 テーブル定義 favorites 備考に user_id CASCADE、book_id CASCADE を追記
基本機能編_完全手順書	Part 1: 要件定義書：3. テーブル仕様書	3.2. テーブル定義/review_likes    	備考：\n中間テーブル、複合主キー(user_id, review_id)、timestamps なし	中間テーブル、複合主キー(user_id, review_id)、timestamps なし、user_id CASCADE、review_id CASCADE	完了		Part 1 テーブル定義 review_likes 備考に user_id CASCADE、review_id CASCADE を追記
基本機能編_完全手順書	Part 1: 要件定義書：3. テーブル仕様書	3.2. テーブル定義/reading_plans       		reading_plans/id, user_id(FK), book_id(FK), target_date, status, completed_at /user_id CASCADE、book_id CASCADE	完了		Part 1 テーブル定義に reading_plans 行を「応用」区分で追加（id, user_id(FK), book_id(FK), target_date, status, completed_at）
基本機能編_完全手順書	Part 1: 要件定義書：3. テーブル仕様書	3.2. テーブル定義/notifications      		notifications / id, type, notifiable_type, notifiable_id, data, read_at / UUID主キー	完了		Part 1 テーブル定義に notifications 行を「応用」区分で追加（UUID 主キー、Laravel 標準の通知テーブル）
基本機能編_完全手順書	Part 2: 実装手順書	1.5. Sailの起動とAPP_KEY生成		⚠️ Apple Silicon (M1/M2) Macをお使いの方へ\n\n./vendor/bin/sail up -d 実行時に、MySQLやphpMyAdminのコンテナでプラットフォームエラーが発生する場合があります。その場合は、compose.yaml の該当サービスに以下の設定を追加してください。\n\nplatform: linux/amd64\n例えば、mysql サービスと phpmyadmin サービスそれぞれの image: の下に追記します。	対応不要	こちらは要件にはあるので、なくても大丈夫です。必要に応じて追加していただけたらと思います。	採点者「要件にはあるので、なくても大丈夫」と明記。Apple Silicon 注記は完全手順書には追加しない
基本機能編_完全手順書	Part 2: 実装手順書	1.6. フロントエンドのセットアップ	sail npm install\nsail npm install alpinejs	sail npm install\nsail npm install alpinejs\nsail npm install -D tailwindcss@^3.4.0 @tailwindcss/forms postcss autoprefixer\nsail npx tailwindcss init -p	完了	・Tailwind CSSと @tailwindcss/forms プラグインのインストール\nsail npm install -D tailwindcss@^3.4.0 @tailwindcss/forms postcss autoprefixer\n\n・設定ファイルの生成\nsail npx tailwindcss init -p\n\n上記2点を追加	Step 1.6 フロントエンドのセットアップに Tailwind CSS インストールコマンドを追加
基本機能編_完全手順書	Part 2: 実装手順書	1.6. フロントエンドのセットアップ	resources/js/app.js:\nimport './bootstrap';\nimport Alpine from 'alpinejs';\nwindow.Alpine = Alpine;\nAlpine.start();		完了	特に問題があるわけではありませんが、模範解答にも要件100％にも\nimport './bootstrap';\nの記述がありませんでした。\n合わせるという視点からの明記ですので、問題なければスルーでお願いいたします。	Step 1.6 app.js から import './bootstrap'; を削除（模範解答と整合）
基本機能編_完全手順書	Part 2: 実装手順書	1.7. 日本語バリデーションメッセージの準備：lang/ja/validation.php	<?php\n\nreturn [\n    'min' => [\n        'string' => ':attributeは:min文字以上で入力してください。',\n    ],\n\n    'attributes' => [\n        'name' => 'お名前',\n        'email' => 'メールアドレス',\n        'password' => 'パスワード',\n    ],\n];	<?php\n\nreturn [\n    'required' => ':attributeを入力してください。',\n    'email' => ':attributeはメール形式で入力してください。',\n    'confirmed' => ':attributeと一致しません。',\n    'unique' => 'その:attributeは既に使用されています。',\n    'min' => [\n        'string' => ':attributeは:min文字以上で入力してください。',\n    ],\n\n    'attributes' => [\n        'name' => 'お名前',\n        'email' => 'メールアドレス',\n        'password' => 'パスワード',\n    ],\n];\n	完了		Step 1.7 validation.php に required / email / confirmed / unique の 4 翻訳メッセージを追加
基本機能編_完全手順書	Part 2: 実装手順書	Step 2: データベース設計とマイグレーション：\n2.1. database/migrations/xxxx_create_books_table.php	①模範解答：\nSchema::create('books', function (Blueprint $table) {\n\n②復習教材：\n$table->foreignId('user_id')->constrained()->cascadeOnDelete();	①模範解答：\nSchema::create('books', function (Blueprint $table): void {\n\n\n②復習教材：\n$table->foreignId('user_id')->constrained()->onDelete('cascade');	完了	①応用では「型宣言」が必要となるため、模範解答のコードを変更していただいた方がいいのではないでしょうか。\n void　がある方がいいと思います。\n\n②こちらは復習教材のコードを変更していただきたいです。\n模範解答でも基本機能編でもonDelete('cascade'); になっています。	Step 2.1 books の②復習教材コード（cascadeOnDelete → onDelete('cascade'))を反映。①模範解答コードへの : void 追加は別タスク（🟡 模範解答コード変更）として umbrella Issue にて管理
基本機能編_完全手順書	Part 2: 実装手順書	Step 2: データベース設計とマイグレーション：\n2.1. database/migrations/xxxx_create_books_table.php		ポイント: 応用版では isbn ・ published_date はnullable()。外部キーの削除は onDelete('cascade') を使用する。クロージャのパラメータに : void 型宣言は必要。	対応不要	基本版にはある「ポイント」はなくてもいいのでしょうか？\n\n不要ならスルーでお願いいたします。	採点者「不要ならスルー」明記。Part 2 は Basic 厳格構造のため「応用版では nullable」のポイントは不要。応用版差分は Part 3 Step 15 (品質強化) + Part 3 Step 19 (ISBN 検索) で扱う
基本機能編_完全手順書	Part 2: 実装手順書	Step 2: データベース設計とマイグレーション：\n2.2. database/migrations/xxxx_create_genres_table.php	模範解答：\nSchema::create('genres', function (Blueprint $table) {	模範解答：\nSchema::create('genres', function (Blueprint $table): void {	要判断	応用では「型宣言」が必要となるため、模範解答のコードを変更していただいた方がいいのではないでしょうか。\n void　がある方がいいと思います。\n\n	🟡 模範解答コード変更依頼。Schema::create('genres', function (Blueprint $table): void { への void 追加。復習教材スコープ外（模範解答コード変更必要）
基本機能編_完全手順書	Part 2: 実装手順書	Step 2: データベース設計とマイグレーション：\n2.2. database/migrations/xxxx_create_genres_table.php		ポイント: 応用版ではクロージャのパラメータに : void 型宣言は必要。	対応不要	上記の「型宣言」をするのであれば、こちらもあった方がいいかもしれません。ただポイントの明記不要でしたら、スルーでお願いいたします。	採点者「不要ならスルー」明記。応用版差分のポイントは Part 3 Step 15 で扱う
基本機能編_完全手順書	Part 2: 実装手順書	Step 2: データベース設計とマイグレーション：\n2.3. database/migrations/xxxx_create_book_genre_table.php	①模範解答：\n\n        Schema::create('book_genre', function (Blueprint $table) {\n\n②復習教材：\n$table->foreignId('book_id')->constrained()->cascadeOnDelete();\n$table->foreignId('genre_id')->constrained()->cascadeOnDelete();\n          	②模範解答：\n\n        Schema::create('book_genre', function (Blueprint $table): void {\n            \n\n②復習教材：\n$table->foreignId('book_id')->constrained()->onDelete('cascade');\n$table->foreignId('genre_id')->constrained()->onDelete('cascade');\n          	完了	①応用では「型宣言」が必要となるため、模範解答のコードを変更していただいた方がいいのではないでしょうか。\n void　がある方がいいと思います。\n\n②こちらは復習教材のコードを変更していただきたいです。\n模範解答でも基本機能編でもonDelete('cascade'); になっています。	Step 2.3 book_genre の②復習教材コードを cascadeOnDelete → onDelete('cascade') に修正。①模範解答コードへの void 追加は別タスク
基本機能編_完全手順書	Part 2: 実装手順書	Step 2: データベース設計とマイグレーション：\n2.3. database/migrations/xxxx_create_book_genre_table.php		ポイント: id カラムなし、timestamps なし。複合主キー primary(['book_id', 'genre_id']) を使用する。応用版ではクロージャのパラメータに : void 型宣言は必要。	対応不要	上記の「型宣言」をするのであれば、こちらもあった方がいいかもしれません。ただポイントの明記不要でしたら、スルーでお願いいたします。	採点者「不要ならスルー」明記。Part 2 Basic 厳格のため応用版ポイント不要
基本機能編_完全手順書	Part 2: 実装手順書	Step 2: データベース設計とマイグレーション：\n2.4. database/migrations/xxxx_create_reviews_table.php	模範解答・復習教材：\nSchema::create('reviews', function (Blueprint $table) {	模範解答・復習教材：\nSchema::create('reviews', function (Blueprint $table): void {	要判断	応用では「型宣言」が必要となるため、コードを変更していただいた方がいいのではないでしょうか。\n void　がある方がいいと思います。\n\n	🟡 模範解答コード変更依頼。reviews migration クロージャに void 追加。復習教材スコープ外
基本機能編_完全手順書	Part 2: 実装手順書	Step 2: データベース設計とマイグレーション：\n2.4. database/migrations/xxxx_create_reviews_table.php		ポイント: 応用版ではクロージャのパラメータに : void 型宣言は必要。	対応不要	上記の「型宣言」をするのであれば、こちらもあった方がいいかもしれません。ただポイントの明記不要でしたら、スルーでお願いいたします。	採点者「不要ならスルー」明記
基本機能編_完全手順書	Part 2: 実装手順書	Step 2: データベース設計とマイグレーション：\n2.5. database/migrations/xxxx_create_favorites_table.php	①模範解答：\nSchema::create('favorites', function (Blueprint $table) {\n\n②復習教材：\n$table->foreignId('user_id')->constrained()->cascadeOnDelete();\n$table->foreignId('book_id')->constrained()->cascadeOnDelete();	①模範解答：\nSchema::create('favorites', function (Blueprint $table): void {\n\n②復習教材：\n$table->foreignId('user_id')->constrained()->onDelete('cascade');\n            $table->foreignId('book_id')->constrained()->onDelete('cascade');	完了	①応用では「型宣言」が必要となるため、模範解答のコードを変更していただいた方がいいのではないでしょうか。\n void　がある方がいいと思います。\n\n②こちらは復習教材のコードを変更していただきたいです。\n模範解答でも基本機能編でもonDelete('cascade'); になっています。	Step 2.5 favorites の②復習教材コードを cascadeOnDelete → onDelete('cascade') に修正。①模範解答コード void 追加は別タスク
基本機能編_完全手順書	Part 2: 実装手順書	Step 2: データベース設計とマイグレーション：\n2.5. database/migrations/xxxx_create_favorites_table.php		ポイント: id カラムなし、timestamps なし。複合主キー primary(['user_id', 'book_id']) を使用する。応用版ではクロージャのパラメータに : void 型宣言は必要。	対応不要	上記の「型宣言」をするのであれば、こちらもあった方がいいかもしれません。ただポイントの明記不要でしたら、スルーでお願いいたします。	採点者「不要ならスルー」明記
基本機能編_完全手順書	Part 2: 実装手順書	Step 2: データベース設計とマイグレーション：\n2.6. database/migrations/xxxx_create_review_likes_table.php	①模範解答：\nSchema::create('review_likes', function (Blueprint $table) {\n\n②復習教材：\n$table->foreignId('user_id')->constrained()->cascadeOnDelete();\n$table->foreignId('review_id')->constrained()->cascadeOnDelete();	①模範解答：\nSchema::create('review_likes', function (Blueprint $table): void {\n②復習教材：\n$table->foreignId('user_id')->constrained()->onDelete('cascade');\n$table->foreignId('review_id')->constrained()->onDelete('cascade');	完了	①応用では「型宣言」が必要となるため、模範解答のコードを変更していただいた方がいいのではないでしょうか。\n void　がある方がいいと思います。\n\n②こちらは復習教材のコードを変更していただきたいです。\n模範解答でも基本機能編でもonDelete('cascade'); になっています。	Step 2.6 review_likes の②復習教材コードを cascadeOnDelete → onDelete('cascade') に修正。①模範解答コード void 追加は別タスク
基本機能編_完全手順書	Part 2: 実装手順書	Step 2: データベース設計とマイグレーション：\n2.6. database/migrations/xxxx_create_review_likes_table.php		ポイント: id カラムなし、timestamps なし。複合主キー primary(['user_id', 'review_id']) を使用する。応用版ではクロージャのパラメータに : void 型宣言は必要。	対応不要	上記の「型宣言」をするのであれば、こちらもあった方がいいかもしれません。ただポイントの明記不要でしたら、スルーでお願いいたします。	採点者「不要ならスルー」明記
基本機能編_完全手順書	Part 2: 実装手順書	Step 2: データベース設計とマイグレーション：\n2.7. database/migrations/xxxx_create_reading_plans_table.php		sail artisan make:migration create_reading_plans_table\n\n<?php\n\nuse Illuminate\Database\Migrations\Migration;\nuse Illuminate\Database\Schema\Blueprint;\nuse Illuminate\Support\Facades\Schema;\n\nreturn new class extends Migration\n{\n    public function up(): void\n    {\n        Schema::create('reading_plans', function (Blueprint $table) {\n            $table->id();\n            $table->foreignId('user_id')->constrained()->onDelete('cascade');\n            $table->foreignId('book_id')->constrained()->onDelete('cascade');\n            $table->date('target_date');\n            $table->string('status', 20)->default('in_progress');\n            $table->timestamp('completed_at')->nullable();\n            $table->timestamps();\n\n            $table->index(['user_id', 'status']);\n            $table->index('target_date');\n        });\n    }\n\n    public function down(): void\n    {\n        Schema::dropIfExists('reading_plans');\n    }\n};\n		追加をお願いいたします。	
基本機能編_完全手順書	Part 2: 実装手順書	Step 2: データベース設計とマイグレーション：\n2.8. database/migrations/xxxx_create_notifications_table.php		sail artisan make:migration create_notifications_table\n\n<?php\n\nuse Illuminate\Database\Migrations\Migration;\nuse Illuminate\Database\Schema\Blueprint;\nuse Illuminate\Support\Facades\Schema;\n\nreturn new class extends Migration\n{\n    public function up(): void\n    {\n        Schema::create('notifications', function (Blueprint $table) {\n            $table->uuid('id')->primary();\n            $table->string('type');\n            $table->morphs('notifiable');\n            $table->text('data');\n            $table->timestamp('read_at')->nullable();\n            $table->timestamps();\n        });\n    }\n\n    public function down(): void\n    {\n        Schema::dropIfExists('notifications');\n    }\n};\n		追加をお願いいたします。	
基本機能編_完全手順書	Part 2: 実装手順書	Step 3: モデルとリレーションシップ：\n3.2. app/Models/Book.php		ポイント: 応用版では $casts に published_date を定義。リレーション型の use 文やPHPDocも必要。	対応不要		採点者明記なし（ポイント追加提案）。応用版差分（$casts published_date、リレーション型宣言、PHPDoc）は Part 3 Step 15 で一括追加する方針のためここでは追加しない
基本機能編_完全手順書	Part 2: 実装手順書	Step 3: モデルとリレーションシップ：\n3.3. app/Models/Review.php		ポイント: 応用版では $casts に published_date を定義。リレーション型の use 文やPHPDocも必要。	対応不要		同上（応用版差分は Part 3 Step 15）
基本機能編_完全手順書	Part 2: 実装手順書	Step 3: モデルとリレーションシップ：\n3.4. app/Models/Genre.php		ポイント: 応用版では $casts に published_date を定義。リレーション型の use 文やPHPDocも必要。	対応不要		同上（応用版差分は Part 3 Step 15）
基本機能編_完全手順書	Part 2: 実装手順書	Step 3: モデルとリレーションシップ：\n3.5. app/Models/Favorite.php	sail artisan make:model Favorite\n\n\n\n<?php\n\nnamespace App\Models;\n\nuse Illuminate\Database\Eloquent\Model;\nuse Illuminate\Database\Eloquent\Relations\BelongsTo;\n\nclass Favorite extends Model\n{\n    /**\n     * The attributes that are mass assignable.\n     *\n     * @var array<int, string>\n     */\n    protected $fillable = [\n        'user_id',\n        'book_id',\n    ];\n\n    /**\n     * お気に入りを登録したユーザー\n     */\n    public function user(): BelongsTo\n    {\n        return $this->belongsTo(User::class);\n    }\n\n    /**\n     * お気に入りに登録された書籍\n     */\n    public function book(): BelongsTo\n    {\n        return $this->belongsTo(Book::class);\n    }\n}		完了	模範解答にも作成はありませんが、中間テーブルのモデルは不要ではないでしょうか？	Step 3.5 Favorite.php セクションを削除（採点者「中間テーブルのモデルは不要」明記。模範解答にも作成されていない）
基本機能編_完全手順書	Part 2: 実装手順書	Step 3: モデルとリレーションシップ：\n3.6. app/Models/ReviewLike.php	sail artisan make:model ReviewLike\n\n\n\n<?php\n\nnamespace App\Models;\n\nuse Illuminate\Database\Eloquent\Model;\nuse Illuminate\Database\Eloquent\Relations\BelongsTo;\n\nclass ReviewLike extends Model\n{\n    /**\n     * The attributes that are mass assignable.\n     *\n     * @var array<int, string>\n     */\n    protected $fillable = [\n        'user_id',\n        'review_id',\n    ];\n\n    /**\n     * いいねしたユーザー\n     */\n    public function user(): BelongsTo\n    {\n        return $this->belongsTo(User::class);\n    }\n\n    /**\n     * いいねされたレビュー\n     */\n    public function review(): BelongsTo\n    {\n        return $this->belongsTo(Review::class);\n    }\n}		完了	模範解答にも作成はありませんが、中間テーブルのモデルは不要ではないでしょうか？	Step 3.6 ReviewLike.php セクションを削除（同上）
基本機能編_完全手順書	Part 2: 実装手順書	Step 3: モデルとリレーションシップ		3.5. app/Models/ReadingPlan.php\n\nsail artisan make:model ReadingPlan\n\n<?php\n\nnamespace App\Models;\n\nuse App\Enums\ReadingPlanStatus;\nuse Illuminate\Database\Eloquent\Builder;\nuse Illuminate\Database\Eloquent\Factories\HasFactory;\nuse Illuminate\Database\Eloquent\Model;\nuse Illuminate\Database\Eloquent\Relations\BelongsTo;\n\nclass ReadingPlan extends Model\n{\n    use HasFactory;\n\n    /**\n     * The attributes that are mass assignable.\n     *\n     * @var array<int, string>\n     */\n    protected $fillable = [\n        'user_id',\n        'book_id',\n        'target_date',\n        'status',\n        'completed_at',\n    ];\n\n    /**\n     * The attributes that should be cast.\n     *\n     * @var array<string, string>\n     */\n    protected $casts = [\n        'target_date' => 'date',\n        'status' => ReadingPlanStatus::class,\n        'completed_at' => 'datetime',\n    ];\n\n    /**\n     * 計画を立てたユーザー\n     */\n    public function user(): BelongsTo\n    {\n        return $this->belongsTo(User::class);\n    }\n\n    /**\n     * 計画対象の書籍\n     */\n    public function book(): BelongsTo\n    {\n        return $this->belongsTo(Book::class);\n    }\n\n    /**\n     * 進行中の計画を絞り込むスコープ\n     */\n    public function scopeActive(Builder $query): Builder\n    {\n        return $query->where('status', ReadingPlanStatus::InProgress);\n    }\n\n    /**\n     * 完了済みの計画を絞り込むスコープ\n     */\n    public function scopeCompleted(Builder $query): Builder\n    {\n        return $query->where('status', ReadingPlanStatus::Completed);\n    }\n\n    /**\n     * 期限切れの計画を絞り込むスコープ\n     */\n    public function scopeExpired(Builder $query): Builder\n    {\n        return $query->where('status', ReadingPlanStatus::Expired);\n    }\n}\n		上記2つ削除された場合の番号で明記しております。追加をお願いいたします。	
基本機能編_完全手順書	Step 3: モデルとリレーションシップ		3.7. ファクトリファイル	3.6. ファクトリファイル	完了	もし、上記\n3.5. app/Models/Favorite.php\n3.6. app/Models/ReviewLike.php\nが削除\n3.5. app/Models/ReadingPlan.php\nが追加となった場合は、こちら変更をお願いいたします。	Step 3.7 ファクトリファイル → Step 3.5 ファクトリファイル に番号変更（Favorite/ReviewLike セクション削除に伴う番号繰り上がり）
基本機能編_完全手順書	Part 2: 実装手順書	3.6. ファクトリファイル		database/factories/ReadingPlanFactory.php\n\nsail artisan make:factory ReadingPlanFactory\n\n<?php\n\nnamespace Database\Factories;\n\nuse App\Enums\ReadingPlanStatus;\nuse App\Models\Book;\nuse App\Models\ReadingPlan;\nuse App\Models\User;\nuse Illuminate\Database\Eloquent\Factories\Factory;\n\n/**\n * @extends Factory<ReadingPlan>\n */\nclass ReadingPlanFactory extends Factory\n{\n    protected $model = ReadingPlan::class;\n\n    /**\n     * @return array<string, mixed>\n     */\n    public function definition(): array\n    {\n        return [\n            'user_id' => User::factory(),\n            'book_id' => Book::factory(),\n            'target_date' => now()->addDays(7)->format('Y-m-d'),\n            'status' => ReadingPlanStatus::InProgress,\n            'completed_at' => null,\n        ];\n    }\n\n    public function inProgress(): static\n    {\n        return $this->state(fn (array $attributes): array => [\n            'status' => ReadingPlanStatus::InProgress,\n            'completed_at' => null,\n        ]);\n    }\n\n    public function completed(): static\n    {\n        return $this->state(fn (array $attributes): array => [\n            'status' => ReadingPlanStatus::Completed,\n            'completed_at' => now(),\n        ]);\n    }\n\n    public function expired(): static\n    {\n        return $this->state(fn (array $attributes): array => [\n            'status' => ReadingPlanStatus::Expired,\n            'target_date' => now()->subDays(3)->format('Y-m-d'),\n            'completed_at' => null,\n        ]);\n    }\n}\n		追記をお願いいたします	
基本機能編_完全手順書	Part 2: 実装手順書	Step 5: マスタデータの準備（シーダー）	5.7. database/seeders/DatabaseSeeder.php	5.7. database/seeders/ReadingPlanSeeder.php\n\nsail artisan make:seeder ReadingPlanSeeder\n\n<?php\n\nnamespace Database\Seeders;\n\nuse App\Enums\ReadingPlanStatus;\nuse App\Models\Book;\nuse App\Models\ReadingPlan;\nuse App\Models\User;\nuse Carbon\Carbon;\nuse Illuminate\Database\Seeder;\n\nclass ReadingPlanSeeder extends Seeder\n{\n    \n    public function run(): void\n    {\n        $today = Carbon::today();\n        $books = Book::all();\n\n        // 山田太郎（主要シナリオ集約: ID 1〜5）\n        $yamada = User::where('email', 'yamada@example.com')->first();\n        $yamadaPlans = [\n            // 1. 期日 3 日後 / in_progress → 3 日前リマインダー対象\n            ['target_date' => $today->copy()->addDays(3), 'status' => ReadingPlanStatus::InProgress, 'completed_at' => null],\n            // 2. 期日当日 / in_progress → 当日リマインダー対象\n            ['target_date' => $today->copy(), 'status' => ReadingPlanStatus::InProgress, 'completed_at' => null],\n            // 3. 期日 3 日前 / in_progress → バッチで Auto-expire 化 + 3 日後再エンゲージメント対象（二重シナリオ）\n            ['target_date' => $today->copy()->subDays(3), 'status' => ReadingPlanStatus::InProgress, 'completed_at' => null],\n            // 4. 期日 7 日後 / in_progress → リマインダー対象外\n            ['target_date' => $today->copy()->addDays(7), 'status' => ReadingPlanStatus::InProgress, 'completed_at' => null],\n            // 5. 期日 10 日前 / completed → 完了済み（編集不可・絞り込み確認用）\n            ['target_date' => $today->copy()->subDays(10), 'status' => ReadingPlanStatus::Completed, 'completed_at' => $today->copy()->subDays(5)],\n        ];\n        foreach ($yamadaPlans as $i => $plan) {\n            ReadingPlan::create([\n                'user_id' => $yamada->id,\n                'book_id' => $books[$i]->id,\n                'target_date' => $plan['target_date'],\n                'status' => $plan['status'],\n                'completed_at' => $plan['completed_at'],\n            ]);\n        }\n\n        // 鈴木花子（他ユーザー認可テスト用: ID 6）\n        // 山田太郎ログイン中に URL `/reading-plans/6/edit` を直打ちして 403 確認するためのデータ\n        $suzuki = User::where('email', 'suzuki@example.com')->first();\n        ReadingPlan::create([\n            'user_id' => $suzuki->id,\n            'book_id' => $books[5]->id,\n            'target_date' => $today->copy()->addDays(5),\n            'status' => ReadingPlanStatus::InProgress,\n            'completed_at' => null,\n        ]);\n    }\n}\n		追加をお願いいたします。	
基本機能編_完全手順書	Part 2: 実装手順書	Step 5: マスタデータの準備（シーダー）	5.7. database/seeders/DatabaseSeeder.php\n\n<?php\n\nnamespace Database\Seeders;\n\nuse Illuminate\Database\Seeder;\n\nclass DatabaseSeeder extends Seeder\n{\n    public function run(): void\n    {\n        // 依存関係を考慮して実行順序を変更\n        $this->call([\n            UserSeeder::class,       // 先にユーザーを作成\n            GenreSeeder::class,      // ジャンルも先に作成\n            BookSeeder::class,       // ユーザーとジャンルを使って書籍を作成\n            ReviewSeeder::class,     // ユーザーと書籍を使ってレビューを作成\n            FavoriteSeeder::class,   // ユーザーと書籍を使ってお気に入りを作成\n            ReviewLikeSeeder::class, // ユーザーとレビューを使っていいねを作成\n        ]);\n    }\n}\n\n\n外部キー制約を満たすように、ユーザー → ジャンル → 書籍 → レビュー → お気に入り → レビューいいねの順でシーディングを行う。	5.8. database/seeders/DatabaseSeeder.php\n\n<?php\n\nnamespace Database\Seeders;\n\nuse Illuminate\Database\Seeder;\n\nclass DatabaseSeeder extends Seeder\n{\n    public function run(): void\n    {\n        // 依存関係を考慮して実行順序を変更\n        $this->call([\n            UserSeeder::class,        // 先にユーザーを作成\n            GenreSeeder::class,       // ジャンルも先に作成\n            BookSeeder::class,        // ユーザーとジャンルを使って書籍を作成\n            ReviewSeeder::class,      // ユーザーと書籍を使ってレビューを作成\n            FavoriteSeeder::class,    // ユーザーと書籍を使ってお気に入りを作成\n            ReviewLikeSeeder::class,  // ユーザーとレビューを使っていいねを作成\n            ReadingPlanSeeder::class, // ユーザーと書籍を使って読書計画を作成（応用機能）\n        ]);\n    }\n}\n\n外部キー制約を満たすように、ユーザー → ジャンル → 書籍 → レビュー → お気に入り → レビューいいね→読書計画の順でシーディングを行う。			
基本機能編_完全手順書	Part 2: 実装手順書	app/Policies/ReadingPlanPolicy.php		app/Policies/ReadingPlanPolicy.php\n\nsail artisan make:policy ReadingPlanPolicy--model=ReadingPlan\n\n<?php\n\nnamespace App\Policies;\n\nuse App\Enums\ReadingPlanStatus;\nuse App\Models\ReadingPlan;\nuse App\Models\User;\n\nclass ReadingPlanPolicy\n{\n    /**\n     * Determine whether the user can update the reading plan.\n     *\n     * 所有者 かつ 完了済みでない 場合のみ編集可能。\n     * completed 計画は編集不可（読了済みなので変更させない）。\n     */\n    public function update(User $user, ReadingPlan $readingPlan): bool\n    {\n        return $user->id === $readingPlan->user_id\n            && $readingPlan->status !== ReadingPlanStatus::Completed;\n    }\n\n    /**\n     * Determine whether the user can delete the reading plan.\n     */\n    public function delete(User $user, ReadingPlan $readingPlan): bool\n    {\n        return $user->id === $readingPlan->user_id;\n    }\n}\n		追記をお願いいたします。	
基本機能編_完全手順書	Part 2: 実装手順書	6.2. バリデーションリクエスト：\napp/Http/Requests/StoreBookRequest.php	isbn' => ['nullable', 'string', 'size:13', 'unique:books'],	isbn' => ['nullable', 'string', 'size:13', 'unique:books,isbn'],			
基本機能編_完全手順書	Part 2: 実装手順書			①ReadingPlan関係\nStoreReadingPlanRequest\nUpdateReadingPlanRequest\nReadingPlanController\n\n②Notification関係\nNotificationController\n\nの追記をお願いいたします。		こちら追加をお願いいたします。\nまた追加に伴って番号の調整もお願いいたします。	
基本機能編_完全手順書	Part 2: 実装手順書	12.3. Bladeテンプレートの配置	（基本的にはフォームに name フィールドのみ）			基本版にも明記ありません。\n応用版でも明記なくてもいいかなと思いました。	
基本機能編_完全手順書	Part 2: 実装手順書	12.4. ルート定義の完成 (routes/web.php)	<?php\n\nuse App\Http\Controllers\BookController;\nuse App\Http\Controllers\FavoriteController;\nuse App\Http\Controllers\GenreController;\nuse App\Http\Controllers\RankingController;\nuse App\Http\Controllers\ReviewController;\nuse App\Http\Controllers\ReviewLikeController;\nuse Illuminate\Support\Facades\Route;\n\n// トップページ（書籍一覧）\nRoute::get('/', [BookController::class, 'index'])->name('home');\n\n// 書籍関連（認証不要）\nRoute::get('/books', [BookController::class, 'index'])->name('books.index');\n\n// ランキング（認証不要）\nRoute::get('/ranking', [RankingController::class, 'index'])->name('ranking.index');\n\n// 認証が必要なルート\nRoute::middleware('auth')->group(function () {\n    // ジャンル管理\n    Route::resource('genres', GenreController::class);\n\n    // 書籍管理（createは{book}より先に定義）\n    Route::get('/books/create', [BookController::class, 'create'])->name('books.create');\n    Route::post('/books', [BookController::class, 'store'])->name('books.store');\n    Route::get('/books/{book}/edit', [BookController::class, 'edit'])->name('books.edit');\n    Route::put('/books/{book}', [BookController::class, 'update'])->name('books.update');\n    Route::delete('/books/{book}', [BookController::class, 'destroy'])->name('books.destroy');\n\n    // レビュー管理\n    Route::post('/books/{book}/reviews', [ReviewController::class, 'store'])->name('reviews.store');\n    Route::get('/reviews/{review}/edit', [ReviewController::class, 'edit'])->name('reviews.edit');\n    Route::put('/reviews/{review}', [ReviewController::class, 'update'])->name('reviews.update');\n    Route::delete('/reviews/{review}', [ReviewController::class, 'destroy'])->name('reviews.destroy');\n\n    // お気に入り\n    Route::get('/favorites', [FavoriteController::class, 'index'])->name('favorites.index');\n    Route::post('/books/{book}/favorites', [FavoriteController::class, 'toggle'])->name('favorites.toggle');\n\n    // いいね\n    Route::post('/reviews/{review}/like', [ReviewLikeController::class, 'toggle'])->name('reviews.like');\n});\n\n// 書籍詳細（認証不要、{book}パラメータを含むため最後に定義）\nRoute::get('/books/{book}', [BookController::class, 'show'])->name('books.show');	<?php\n\nuse App\Http\Controllers\BookController;\nuse App\Http\Controllers\FavoriteController;\nuse App\Http\Controllers\GenreController;\nuse App\Http\Controllers\NotificationController;\nuse App\Http\Controllers\RankingController;\nuse App\Http\Controllers\ReadingPlanController;\nuse App\Http\Controllers\ReportController;\nuse App\Http\Controllers\ReviewController;\nuse App\Http\Controllers\ReviewLikeController;\nuse Illuminate\Support\Facades\Route;\n\n/*\n|--------------------------------------------------------------------------\n| Web Routes\n|--------------------------------------------------------------------------\n*/\n\n// トップページ（書籍一覧）\nRoute::get('/', [BookController::class, 'index'])->name('home');\n\n// 書籍関連（認証不要）\nRoute::get('/books', [BookController::class, 'index'])->name('books.index');\n\n// ランキング（認証不要）\nRoute::get('/ranking', [RankingController::class, 'index'])->name('ranking.index');\n\n// 認証が必要なルート\nRoute::middleware('auth')->group(function () {\n    // ジャンル管理\n    Route::resource('genres', GenreController::class);\n\n    // 書籍管理（createは{book}より先に定義）\n    Route::get('/books/create', [BookController::class, 'create'])->name('books.create');\n    Route::get('/books/isbn/{isbn}', [BookController::class, 'searchByIsbn'])->name('books.searchByIsbn');\n    Route::post('/books', [BookController::class, 'store'])->name('books.store');\n    Route::get('/books/{book}/edit', [BookController::class, 'edit'])->name('books.edit');\n    Route::put('/books/{book}', [BookController::class, 'update'])->name('books.update');\n    Route::delete('/books/{book}', [BookController::class, 'destroy'])->name('books.destroy');\n\n    // レビュー管理\n    Route::post('/books/{book}/reviews', [ReviewController::class, 'store'])->name('reviews.store');\n    Route::get('/reviews/{review}/edit', [ReviewController::class, 'edit'])->name('reviews.edit');\n    Route::put('/reviews/{review}', [ReviewController::class, 'update'])->name('reviews.update');\n    Route::delete('/reviews/{review}', [ReviewController::class, 'destroy'])->name('reviews.destroy');\n\n    // お気に入り\n    Route::get('/favorites', [FavoriteController::class, 'index'])->name('favorites.index');\n    Route::post('/books/{book}/favorites', [FavoriteController::class, 'toggle'])->name('favorites.toggle');\n\n    // いいね\n    Route::post('/reviews/{review}/like', [ReviewLikeController::class, 'toggle'])->name('reviews.like');\n\n    // マイ読書レポート\n    Route::get('/reports', [ReportController::class, 'index'])->name('reports.index');\n\n    // 読書計画\n    Route::post('/reading-plans/{reading_plan}/complete', [ReadingPlanController::class, 'complete'])->name('reading-plans.complete');\n    Route::resource('reading-plans', ReadingPlanController::class)->except(['show']);\n\n    // 通知\n    Route::get('/notifications', [NotificationController::class, 'index'])->name('notifications.index');\n    Route::post('/notifications/{id}/read', [NotificationController::class, 'markAsRead'])->name('notifications.read');\n});\n\n// 書籍詳細（認証不要、{book}パラメータを含むため最後に定義）\nRoute::get('/books/{book}', [BookController::class, 'show'])->name('books.show');\n\n// 認証機能用ルート、RouteServiceProvider.php でミドルウェアを設定しているので必要ない\n// require __DIR__.'/auth.php';\n			
基本機能編_完全手順書	Part 2: 実装手順書	Step 13: 公開APIの実装：\n13.1. API用 FormRequest	app/Http/Requests/Api/V1/StoreBookRequest.php：\npublic function messages(): array\n    {\n        return [\n            'user_id.required' => 'ユーザーIDは必須です。',\n            'user_id.integer' => 'ユーザーIDは整数で指定してください。',\n            'user_id.exists' => '指定されたユーザーが存在しません。',\n            'title.required' => 'タイトルは必須です。',\n            'title.string' => 'タイトルは文字列で入力してください。',\n            'title.max' => 'タイトルは255文字以内で入力してください。',\n            'author.required' => '著者名は必須です。',\n            'author.string' => '著者名は文字列で入力してください。',\n            'author.max' => '著者名は255文字以内で入力してください。',\n            'isbn.required' => 'ISBNは必須です。',\n            'isbn.string' => 'ISBNは文字列で入力してください。',\n            'isbn.size' => 'ISBNは13桁で入力してください。',\n            'isbn.unique' => 'そのISBNは既に使用されています。',\n            'published_date.required' => '出版日は必須です。',\n            'published_date.date' => '出版日は有効な日付形式で入力してください。',\n            'description.string' => '説明は文字列で入力してください。',\n            'image_url.url' => '画像URLは有効なURL形式で入力してください。',\n            'image_url.max' => '画像URLは255文字以内で入力してください。',\n            'genres.required' => 'ジャンルは1つ以上選択してください。',\n            'genres.array' => 'ジャンルは配列で入力してください。',\n            'genres.*.exists' => '選択されたジャンルは存在しません。',\n        ];\n    }	app/Http/Requests/Api/V1/StoreBookRequest.php：\npublic function messages(): array\n    {\n        return [\n            'title.required' => 'タイトルは必須です。',\n            'title.string' => 'タイトルは文字列で入力してください。',\n            'title.max' => 'タイトルは255文字以内で入力してください。',\n            'author.required' => '著者名は必須です。',\n            'author.string' => '著者名は文字列で入力してください。',\n            'author.max' => '著者名は255文字以内で入力してください。',\n            'isbn.required' => 'ISBNは必須です。',\n            'isbn.string' => 'ISBNは文字列で入力してください。',\n            'isbn.size' => 'ISBNは13桁で入力してください。',\n            'isbn.unique' => 'そのISBNは既に使用されています。',\n            'published_date.required' => '出版日は必須です。',\n            'published_date.date' => '出版日は有効な日付形式で入力してください。',\n            'description.string' => '説明は文字列で入力してください。',\n            'image_url.url' => '画像URLは有効なURL形式で入力してください。',\n            'image_url.max' => '画像URLは255文字以内で入力してください。',\n            'genres.required' => 'ジャンルは1つ以上選択してください。',\n            'genres.array' => 'ジャンルは配列で入力してください。',\n            'genres.min' => 'ジャンルは1つ以上選択してください。',\n            'genres.*.exists' => '選択されたジャンルは存在しません。',\n        ];\n    }	完了	追記をお願いいたします。	Step 13.1 API V1 StoreBookRequest messages に 'genres.min' => 'ジャンルは1つ以上選択してください。' を追加
基本機能編_完全手順書	Part 2: 実装手順書	Step 13: 公開APIの実装：\n13.1. API用 FormRequest	app/Http/Requests/Api/V1/UpdateBookRequest.php：\npublic function messages(): array\n    {\n        return [\n            'user_id.required' => 'ユーザーIDは必須です。',\n            'user_id.integer' => 'ユーザーIDは整数で指定してください。',\n            'user_id.exists' => '指定されたユーザーが存在しません。',\n            'title.required' => 'タイトルは必須です。',\n            'title.string' => 'タイトルは文字列で入力してください。',\n            'title.max' => 'タイトルは255文字以内で入力してください。',\n            'author.required' => '著者名は必須です。',\n            'author.string' => '著者名は文字列で入力してください。',\n            'author.max' => '著者名は255文字以内で入力してください。',\n            'isbn.required' => 'ISBNは必須です。',\n            'isbn.string' => 'ISBNは文字列で入力してください。',\n            'isbn.size' => 'ISBNは13桁で入力してください。',\n            'isbn.unique' => 'そのISBNは既に使用されています。',\n            'published_date.required' => '出版日は必須です。',\n            'published_date.date' => '出版日は有効な日付形式で入力してください。',\n            'description.string' => '説明は文字列で入力してください。',\n            'image_url.url' => '画像URLは有効なURL形式で入力してください。',\n            'image_url.max' => '画像URLは255文字以内で入力してください。',\n            'genres.required' => 'ジャンルは1つ以上選択してください。',\n            'genres.array' => 'ジャンルは配列で入力してください。',\n            'genres.*.exists' => '選択されたジャンルは存在しません。',\n        ];\n    }	app/Http/Requests/Api/V1/UpdateBookRequest.php：\npublic function messages(): array\n    {\n        return [\n            'title.required' => 'タイトルは必須です。',\n            'title.string' => 'タイトルは文字列で入力してください。',\n            'title.max' => 'タイトルは255文字以内で入力してください。',\n            'author.required' => '著者名は必須です。',\n            'author.string' => '著者名は文字列で入力してください。',\n            'author.max' => '著者名は255文字以内で入力してください。',\n            'isbn.required' => 'ISBNは必須です。',\n            'isbn.string' => 'ISBNは文字列で入力してください。',\n            'isbn.size' => 'ISBNは13桁で入力してください。',\n            'isbn.unique' => 'そのISBNは既に使用されています。',\n            'published_date.required' => '出版日は必須です。',\n            'published_date.date' => '出版日は有効な日付形式で入力してください。',\n            'description.string' => '説明は文字列で入力してください。',\n            'image_url.url' => '画像URLは有効なURL形式で入力してください。',\n            'image_url.max' => '画像URLは255文字以内で入力してください。',\n            'genres.required' => 'ジャンルは1つ以上選択してください。',\n            'genres.array' => 'ジャンルは配列で入力してください。',\n            'genres.min' => 'ジャンルは1つ以上選択してください。',\n            'genres.*.exists' => '選択されたジャンルは存在しません。',\n        ];\n    }	完了	追記をお願いいたします。	Step 13.1 API V1 UpdateBookRequest messages に 'genres.min' を追加
基本機能編_完全手順書	Part 2: 実装手順書	Step 14: 基本機能のテスト：\n14.1. テスト環境の設定	<php>\n        <env name="APP_ENV" value="testing"/>\n        <env name="BCRYPT_ROUNDS" value="4"/>\n        <env name="CACHE_DRIVER" value="array"/>\n        <env name="DB_CONNECTION" value="sqlite"/>\n        <env name="DB_DATABASE" value=":memory:"/>\n        <env name="MAIL_MAILER" value="array"/>\n        <env name="PULSE_ENABLED" value="false"/>\n        <env name="QUEUE_CONNECTION" value="sync"/>\n        <env name="SESSION_DRIVER" value="array"/>\n        <env name="TELESCOPE_ENABLED" value="false"/>\n    </php>	<php>\n        <env name="APP_ENV" value="testing"/>\n        <env name="BCRYPT_ROUNDS" value="4"/>\n        <env name="CACHE_DRIVER" value="array"/>\n        <env name="DB_DATABASE" value="testing"/>\n        <env name="MAIL_MAILER" value="array"/>\n        <env name="PULSE_ENABLED" value="false"/>\n        <env name="QUEUE_CONNECTION" value="sync"/>\n        <env name="SESSION_DRIVER" value="array"/>\n        <env name="TELESCOPE_ENABLED" value="false"/>\n    </php>	完了	基本版と模範解答にあわせる方がいいかと思いました。	Step 14.1 phpunit.xml の DB_CONNECTION=sqlite, DB_DATABASE=:memory: を削除し、DB_DATABASE=testing に変更（basic 模範解答と整合）
基本機能編_完全手順書	Part 2: 実装手順書	Step 14: 基本機能のテスト：\n14.2. ユニットテスト	tests/Unit/FavoriteModelTest.php\ntests/Unit/ReviewLikeModelTest.php		完了	モデルも削除となりましたら、こちらもあわせて削除でお願いいたします。	Step 14.2 ユニットテストから Favorite / ReviewLike モデルテスト を削除（モデル自体作成しないため）。代わりに「Step 3 で作成しない方針のため Unit テストも不要」の注記を追加
基本機能編_完全手順書	Part 2: 実装手順書	Step 14: 基本機能のテスト：\n14.3. フィーチャーテスト（基本機能）	tests/Feature/BookRequestTest.php：\npublic function test_isb_nは13桁でなければならない(): void	tests/Feature/BookRequestTest.php：\npublic function test_isbnは13桁でなければならない(): void	完了	修正依頼をしたため、\nテストメソッド名が相違しています。	Step 14.3 BookRequestTest メソッド名 typo 修正（Basic R31 と同内容）
基本機能編_完全手順書	Part 2: 実装手順書	Step 14: 基本機能のテスト：\n14.3. フィーチャーテスト（基本機能）	tests/Feature/ReviewTest.php：\n\n\n<?php\n\nnamespace Tests\Feature;\n\nuse App\Models\Book;\nuse App\Models\Review;\nuse App\Models\User;\nuse Illuminate\Foundation\Testing\RefreshDatabase;\nuse Tests\TestCase;\n\nclass ReviewTest extends TestCase\n{\n    use RefreshDatabase;\n\n    public function test_authenticated_user_can_create_review(): void\n    {\n        $user = User::factory()->create();\n        $book = Book::factory()->create();\n\n        $response = $this->actingAs($user)->post(route('reviews.store', $book), [\n            'rating' => 5,\n            'comment' => 'Great read',\n        ]);\n\n        $response->assertRedirect(route('books.show', $book));\n        $this->assertDatabaseHas('reviews', [\n            'user_id' => $user->id,\n            'book_id' => $book->id,\n            'rating' => 5,\n        ]);\n    }\n\n    public function test_guest_cannot_create_review(): void\n    {\n        $book = Book::factory()->create();\n\n        $this->post(route('reviews.store', $book), [\n            'rating' => 4,\n            'comment' => 'Guest review',\n        ])->assertRedirect(route('login'));\n    }\n\n    public function test_review_store_validation_errors(): void\n    {\n        $user = User::factory()->create();\n        $book = Book::factory()->create();\n\n        $response = $this->actingAs($user)->post(route('reviews.store', $book), [\n            'rating' => 6,\n            'comment' => str_repeat('a', 1001),\n        ]);\n\n        $response->assertSessionHasErrors(['rating']);\n        $this->assertDatabaseCount('reviews', 0);\n    }\n\n    public function test_only_owner_can_edit_review(): void\n    {\n        $owner = User::factory()->create();\n        $review = Review::factory()->for($owner)->create();\n        $otherUser = User::factory()->create();\n\n        $this->actingAs($owner)->get(route('reviews.edit', $review))->assertOk();\n        $this->actingAs($otherUser)->get(route('reviews.edit', $review))->assertForbidden();\n    }\n\n    public function test_only_owner_can_update_review(): void\n    {\n        $owner = User::factory()->create();\n        $review = Review::factory()->for($owner)->create(['rating' => 3]);\n        $otherUser = User::factory()->create();\n\n        $this->actingAs($owner)->put(route('reviews.update', $review), [\n            'rating' => 4,\n            'comment' => 'Updated comment',\n        ])->assertRedirect(route('books.show', $review->book));\n\n        $this->assertDatabaseHas('reviews', ['id' => $review->id, 'rating' => 4, 'comment' => 'Updated comment']);\n\n        $this->actingAs($otherUser)->put(route('reviews.update', $review), [\n            'rating' => 2,\n            'comment' => 'Not allowed',\n        ])->assertForbidden();\n\n        $this->assertDatabaseHas('reviews', ['id' => $review->id, 'rating' => 4, 'comment' => 'Updated comment']);\n    }\n\n    public function test_only_owner_can_delete_review(): void\n    {\n        $owner = User::factory()->create();\n        $review = Review::factory()->for($owner)->create();\n        $otherUser = User::factory()->create();\n\n        $this->actingAs($otherUser)->delete(route('reviews.destroy', $review))->assertForbidden();\n        $this->assertDatabaseHas('reviews', ['id' => $review->id]);\n\n        $this->actingAs($owner)->delete(route('reviews.destroy', $review))->assertRedirect(route('books.show', $review->book));\n        $this->assertDatabaseMissing('reviews', ['id' => $review->id]);\n    }\n}	tests/Feature/ReviewTest.php：\n\n\n<?php\n\nnamespace Tests\Feature;\n\nuse App\Models\Book;\nuse App\Models\Review;\nuse App\Models\User;\nuse Illuminate\Foundation\Testing\RefreshDatabase;\nuse Tests\TestCase;\n\nclass ReviewTest extends TestCase\n{\n    use RefreshDatabase;\n\n    public function test_authenticated_user_can_create_review(): void\n    {\n        $user = User::factory()->create();\n        $book = Book::factory()->create();\n\n        $response = $this->actingAs($user)->post(route('reviews.store', $book), [\n            'rating' => 5,\n            'comment' => 'Great read',\n        ]);\n\n        $response->assertRedirect(route('books.show', $book));\n\n        $this->assertDatabaseHas('reviews', [\n            'user_id' => $user->id,\n            'book_id' => $book->id,\n            'rating' => 5,\n        ]);\n    }\n\n    public function test_guest_cannot_create_review(): void\n    {\n        $book = Book::factory()->create();\n\n        $this->post(route('reviews.store', $book), [\n            'rating' => 4,\n            'comment' => 'Guest review',\n        ])->assertRedirect(route('login'));\n    }\n\n    public function test_review_store_validation_errors(): void\n    {\n        $user = User::factory()->create();\n        $book = Book::factory()->create();\n\n        $response = $this->actingAs($user)->post(route('reviews.store', $book), [\n            'rating' => 6,\n            'comment' => str_repeat('a', 1001),\n        ]);\n\n        $response->assertSessionHasErrors(['rating', 'comment']);\n        $this->assertDatabaseCount('reviews', 0);\n    }\n\n    public function test_review_store_rating_below_min(): void\n    {\n        $user = User::factory()->create();\n        $book = Book::factory()->create();\n\n        $this->actingAs($user)->post(route('reviews.store', $book), [\n            'rating' => 0,\n            'comment' => '下限違反',\n        ])->assertSessionHasErrors(['rating']);\n\n        $this->assertDatabaseCount('reviews', 0);\n    }\n\n    public function test_only_owner_can_edit_review(): void\n    {\n        $owner = User::factory()->create();\n        $review = Review::factory()->for($owner)->create();\n        $otherUser = User::factory()->create();\n\n        $this->actingAs($owner)\n            ->get(route('reviews.edit', $review))\n            ->assertOk();\n\n        $this->actingAs($otherUser)\n            ->get(route('reviews.edit', $review))\n            ->assertForbidden();\n    }\n\n    public function test_only_owner_can_update_review(): void\n    {\n        $owner = User::factory()->create();\n        $review = Review::factory()->for($owner)->create(['rating' => 3]);\n        $otherUser = User::factory()->create();\n\n        $this->actingAs($owner)\n            ->put(route('reviews.update', $review), [\n                'rating' => 4,\n                'comment' => 'Updated comment',\n            ])\n            ->assertRedirect(route('books.show', $review->book));\n\n        $this->assertDatabaseHas('reviews', [\n            'id' => $review->id,\n            'rating' => 4,\n            'comment' => 'Updated comment',\n        ]);\n\n        $this->actingAs($otherUser)\n            ->put(route('reviews.update', $review), [\n                'rating' => 2,\n                'comment' => 'Not allowed',\n            ])\n            ->assertForbidden();\n\n        $this->assertDatabaseHas('reviews', [\n            'id' => $review->id,\n            'rating' => 4,\n            'comment' => 'Updated comment',\n        ]);\n    }\n\n    public function test_only_owner_can_delete_review(): void\n    {\n        $owner = User::factory()->create();\n        $review = Review::factory()->for($owner)->create();\n        $otherUser = User::factory()->create();\n\n        $this->actingAs($otherUser)\n            ->delete(route('reviews.destroy', $review))\n            ->assertForbidden();\n\n        $this->assertDatabaseHas('reviews', ['id' => $review->id]);\n\n        $this->actingAs($owner)\n            ->delete(route('reviews.destroy', $review))\n            ->assertRedirect(route('books.show', $review->book));\n\n        $this->assertDatabaseMissing('reviews', ['id' => $review->id]);\n    }\n}\n	要判断	バリデーションルールより考えて、模範解答の実装に合わせるといいと思いました。\n追記をお願いいたします。	🟡 Step 14.3 ReviewTest の追記。詳細テストコード修正は Phase 2A or Phase 1B で対応
基本機能編_完全手順書	Part 2: 実装手順書	Step 14: 基本機能のテスト：\n14.3. フィーチャーテスト（基本機能）	tests/Feature/FavoriteTest.php：\n\n<?php\n\nnamespace Tests\Feature;\n\nuse App\Models\Book;\nuse App\Models\User;\nuse Illuminate\Foundation\Testing\RefreshDatabase;\nuse Tests\TestCase;\n\nclass FavoriteTest extends TestCase\n{\n    use RefreshDatabase;\n\n    public function test_user_can_add_favorite(): void\n    {\n        $user = User::factory()->create();\n        $book = Book::factory()->create();\n        $from = route('books.show', $book);\n\n        $this->actingAs($user)->from($from)->post(route('favorites.toggle', $book))->assertRedirect($from);\n        $this->assertDatabaseHas('favorites', ['user_id' => $user->id, 'book_id' => $book->id]);\n    }\n\n    public function test_user_can_remove_favorite(): void\n    {\n        $user = User::factory()->create();\n        $book = Book::factory()->create();\n        $user->favoriteBooks()->attach($book->id);\n        $from = route('books.show', $book);\n\n        $this->actingAs($user)->from($from)->post(route('favorites.toggle', $book))->assertRedirect($from);\n        $this->assertDatabaseMissing('favorites', ['user_id' => $user->id, 'book_id' => $book->id]);\n    }\n\n    public function test_favorite_toggle_works_correctly(): void\n    {\n        $user = User::factory()->create();\n        $book = Book::factory()->create();\n        $from = route('books.show', $book);\n\n        $this->actingAs($user)->from($from)->post(route('favorites.toggle', $book))->assertRedirect($from);\n        $this->assertDatabaseHas('favorites', ['user_id' => $user->id, 'book_id' => $book->id]);\n\n        $this->actingAs($user)->from($from)->post(route('favorites.toggle', $book))->assertRedirect($from);\n        $this->assertDatabaseMissing('favorites', ['user_id' => $user->id, 'book_id' => $book->id]);\n    }\n\n    public function test_favorite_index_page_can_be_rendered(): void\n    {\n        $user = User::factory()->create();\n        $book = Book::factory()->create(['title' => 'Favorite Book']);\n        $user->favoriteBooks()->attach($book->id);\n\n        $this->actingAs($user)->get(route('favorites.index'))->assertOk()->assertSee('Favorite Book');\n    }\n\n    public function test_guest_cannot_toggle_favorite(): void\n    {\n        $book = Book::factory()->create();\n        $this->post(route('favorites.toggle', $book))->assertRedirect(route('login'));\n    }\n}	tests/Feature/FavoriteTest.php：\n\n<?php\n\nnamespace Tests\Feature;\n\nuse App\Models\Book;\nuse App\Models\User;\nuse Illuminate\Foundation\Testing\RefreshDatabase;\nuse Tests\TestCase;\n\nclass FavoriteTest extends TestCase\n{\n    use RefreshDatabase;\n\n    public function test_user_can_add_favorite(): void\n    {\n        $user = User::factory()->create();\n        $book = Book::factory()->create();\n        $from = route('books.show', $book);\n\n        $this->actingAs($user)\n            ->from($from)\n            ->post(route('favorites.toggle', $book))\n            ->assertRedirect($from);\n\n        $this->assertDatabaseHas('favorites', [\n            'user_id' => $user->id,\n            'book_id' => $book->id,\n        ]);\n    }\n\n    public function test_user_can_remove_favorite(): void\n    {\n        $user = User::factory()->create();\n        $book = Book::factory()->create();\n        $user->favoriteBooks()->attach($book->id);\n        $from = route('books.show', $book);\n\n        $this->actingAs($user)\n            ->from($from)\n            ->post(route('favorites.toggle', $book))\n            ->assertRedirect($from);\n\n        $this->assertDatabaseMissing('favorites', [\n            'user_id' => $user->id,\n            'book_id' => $book->id,\n        ]);\n    }\n\n    public function test_favorite_toggle_works_correctly(): void\n    {\n        $user = User::factory()->create();\n        $book = Book::factory()->create();\n        $from = route('books.show', $book);\n\n        $this->actingAs($user)\n            ->from($from)\n            ->post(route('favorites.toggle', $book))\n            ->assertRedirect($from);\n\n        $this->assertDatabaseHas('favorites', [\n            'user_id' => $user->id,\n            'book_id' => $book->id,\n        ]);\n\n        $this->actingAs($user)\n            ->from($from)\n            ->post(route('favorites.toggle', $book))\n            ->assertRedirect($from);\n\n        $this->assertDatabaseMissing('favorites', [\n            'user_id' => $user->id,\n            'book_id' => $book->id,\n        ]);\n\n        $this->actingAs($user)\n            ->from($from)\n            ->post(route('favorites.toggle', $book))\n            ->assertRedirect($from);\n\n        $this->assertDatabaseHas('favorites', [\n            'user_id' => $user->id,\n            'book_id' => $book->id,\n        ]);\n    }\n\n    public function test_favorite_index_page_can_be_rendered(): void\n    {\n        $user = User::factory()->create();\n        $book = Book::factory()->create(['title' => 'Favorite Book']);\n        $user->favoriteBooks()->attach($book->id);\n\n        $this->actingAs($user)\n            ->get(route('favorites.index'))\n            ->assertOk()\n            ->assertSee('Favorite Book');\n    }\n\n    public function test_guest_cannot_toggle_favorite(): void\n    {\n        $book = Book::factory()->create();\n\n        $this->post(route('favorites.toggle', $book))\n            ->assertRedirect(route('login'));\n    }\n}\n	要判断	1回目：お気に入り追加\n2回目：お気に入り解除\n3回目：再度お気に入り追加\n\n3回目：再度お気に入り追加がなさそうです。追記をお願いいたします。	🟡 Step 14.3 FavoriteTest 3回目 toggle 追記（Basic R32 と同内容）
基本機能編_完全手順書	Part 2: 実装手順書	Step 14: 基本機能のテスト：\n14.3. フィーチャーテスト（基本機能）	tests/Feature/ReviewLikeTest.php：\n\n\n<?php\n\nnamespace Tests\Feature;\n\nuse App\Models\Review;\nuse App\Models\User;\nuse Illuminate\Foundation\Testing\RefreshDatabase;\nuse Tests\TestCase;\n\nclass ReviewLikeTest extends TestCase\n{\n    use RefreshDatabase;\n\n    public function test_user_can_like_review(): void\n    {\n        $user = User::factory()->create();\n        $review = Review::factory()->create();\n        $from = route('books.show', $review->book);\n\n        $this->actingAs($user)->from($from)->post(route('reviews.like', $review))->assertRedirect($from);\n        $this->assertDatabaseHas('review_likes', ['user_id' => $user->id, 'review_id' => $review->id]);\n    }\n\n    public function test_user_can_unlike_review(): void\n    {\n        $user = User::factory()->create();\n        $review = Review::factory()->create();\n        $user->likedReviews()->attach($review->id);\n        $from = route('books.show', $review->book);\n\n        $this->actingAs($user)->from($from)->post(route('reviews.like', $review))->assertRedirect($from);\n        $this->assertDatabaseMissing('review_likes', ['user_id' => $user->id, 'review_id' => $review->id]);\n    }\n\n    public function test_like_toggle_works_correctly(): void\n    {\n        $user = User::factory()->create();\n        $review = Review::factory()->create();\n        $from = route('books.show', $review->book);\n\n        $this->actingAs($user)->from($from)->post(route('reviews.like', $review))->assertRedirect($from);\n        $this->assertDatabaseHas('review_likes', ['user_id' => $user->id, 'review_id' => $review->id]);\n\n        $this->actingAs($user)->from($from)->post(route('reviews.like', $review))->assertRedirect($from);\n        $this->assertDatabaseMissing('review_likes', ['user_id' => $user->id, 'review_id' => $review->id]);\n    }\n\n    public function test_guest_cannot_like_review(): void\n    {\n        $review = Review::factory()->create();\n        $this->post(route('reviews.like', $review))->assertRedirect(route('login'));\n    }\n}	tests/Feature/ReviewLikeTest.php：\n\n\n<?php\n\nnamespace Tests\Feature;\n\nuse App\Models\Review;\nuse App\Models\User;\nuse Illuminate\Foundation\Testing\RefreshDatabase;\nuse Tests\TestCase;\n\nclass ReviewLikeTest extends TestCase\n{\n    use RefreshDatabase;\n\n    public function test_user_can_like_review(): void\n    {\n        $user = User::factory()->create();\n        $review = Review::factory()->create();\n        $from = route('books.show', $review->book);\n\n        $this->actingAs($user)\n            ->from($from)\n            ->post(route('reviews.like', $review))\n            ->assertRedirect($from);\n\n        $this->assertDatabaseHas('review_likes', [\n            'user_id' => $user->id,\n            'review_id' => $review->id,\n        ]);\n    }\n\n    public function test_user_can_unlike_review(): void\n    {\n        $user = User::factory()->create();\n        $review = Review::factory()->create();\n        $user->likedReviews()->attach($review->id);\n        $from = route('books.show', $review->book);\n\n        $this->actingAs($user)\n            ->from($from)\n            ->post(route('reviews.like', $review))\n            ->assertRedirect($from);\n\n        $this->assertDatabaseMissing('review_likes', [\n            'user_id' => $user->id,\n            'review_id' => $review->id,\n        ]);\n    }\n\n    public function test_like_toggle_works_correctly(): void\n    {\n        $user = User::factory()->create();\n        $review = Review::factory()->create();\n        $from = route('books.show', $review->book);\n\n        $this->actingAs($user)\n            ->from($from)\n            ->post(route('reviews.like', $review))\n            ->assertRedirect($from);\n\n        $this->assertDatabaseHas('review_likes', [\n            'user_id' => $user->id,\n            'review_id' => $review->id,\n        ]);\n\n        $this->actingAs($user)\n            ->from($from)\n            ->post(route('reviews.like', $review))\n            ->assertRedirect($from);\n\n        $this->assertDatabaseMissing('review_likes', [\n            'user_id' => $user->id,\n            'review_id' => $review->id,\n        ]);\n\n        $this->actingAs($user)\n            ->from($from)\n            ->post(route('reviews.like', $review))\n            ->assertRedirect($from);\n\n        $this->assertDatabaseHas('review_likes', [\n            'user_id' => $user->id,\n            'review_id' => $review->id,\n        ]);\n    }\n\n    public function test_guest_cannot_like_review(): void\n    {\n        $review = Review::factory()->create();\n\n        $this->post(route('reviews.like', $review))\n            ->assertRedirect(route('login'));\n    }\n}\n	要判断	1回目：いいね追加\n2回目：いいね解除\n3回目：再度いいね追加\n\n3回目：再度いいね追加がなさそうです。追記お願いいたします。	🟡 Step 14.3 ReviewLikeTest 3回目 like 追記（Basic R33 と同内容）
基本機能編_完全手順書	Part 2: 実装手順書	Step 18: Sanctum認証層の追加（応用機能）：\n18.4. Api\V1\StoreBookRequest / UpdateBookRequest の更新	app/Http/Requests/Api/V1/StoreBookRequest.ph：\n\n\n<?php\n\nnamespace App\Http\Requests\Api\V1;\n\nuse Illuminate\Foundation\Http\FormRequest;\n\nclass StoreBookRequest extends FormRequest\n{\n    /**\n     * Determine if the user is authorized to make this request.\n     */\n    public function authorize(): bool\n    {\n        return true;\n    }\n\n    /**\n     * Get the validation rules that apply to the request.\n     *\n     * @return array<string, array<int, string>>\n     */\n    public function rules(): array\n    {\n        return [\n            'title' => ['required', 'string', 'max:255'],\n            'author' => ['required', 'string', 'max:255'],\n            'isbn' => ['required', 'string', 'size:13', 'unique:books,isbn'],\n            'published_date' => ['required', 'date'],\n            'description' => ['nullable', 'string'],\n            'image_url' => ['nullable', 'url', 'max:255'],\n            'genres' => ['required', 'array', 'min:1'],\n            'genres.*' => ['integer', 'exists:genres,id'],\n        ];\n    }\n\n    /**\n     * Get custom messages for validator errors.\n     *\n     * @return array<string, string>\n     */\n    public function messages(): array\n    {\n        return [\n            'title.required' => 'タイトルは必須です。',\n            'title.string' => 'タイトルは文字列で入力してください。',\n            'title.max' => 'タイトルは255文字以内で入力してください。',\n            'author.required' => '著者名は必須です。',\n            'author.string' => '著者名は文字列で入力してください。',\n            'author.max' => '著者名は255文字以内で入力してください。',\n            'isbn.required' => 'ISBNは必須です。',\n            'isbn.string' => 'ISBNは文字列で入力してください。',\n            'isbn.size' => 'ISBNは13桁で入力してください。',\n            'isbn.unique' => 'そのISBNは既に使用されています。',\n            'published_date.required' => '出版日は必須です。',\n            'published_date.date' => '出版日は有効な日付形式で入力してください。',\n            'description.string' => '説明は文字列で入力してください。',\n            'image_url.url' => '画像URLは有効なURL形式で入力してください。',\n            'image_url.max' => '画像URLは255文字以内で入力してください。',\n            'genres.required' => 'ジャンルは1つ以上選択してください。',\n            'genres.array' => 'ジャンルは配列で入力してください。',\n            'genres.*.exists' => '選択されたジャンルは存在しません。',\n        ];\n    }\n}	app/Http/Requests/Api/V1/StoreBookRequest.ph：\n\n\n<?php\n\nnamespace App\Http\Requests\Api\V1;\n\nuse Illuminate\Foundation\Http\FormRequest;\n\nclass StoreBookRequest extends FormRequest\n{\n    /**\n     * Determine if the user is authorized to make this request.\n     */\n    public function authorize(): bool\n    {\n        return true;\n    }\n\n    /**\n     * Get the validation rules that apply to the request.\n     *\n     * @return array<string, array<int, string>>\n     */\n    public function rules(): array\n    {\n        return [\n            'title' => ['required', 'string', 'max:255'],\n            'author' => ['required', 'string', 'max:255'],\n            'isbn' => ['required', 'string', 'size:13', 'unique:books,isbn'],\n            'published_date' => ['required', 'date'],\n            'description' => ['nullable', 'string'],\n            'image_url' => ['nullable', 'url', 'max:255'],\n            'genres' => ['required', 'array', 'min:1'],\n            'genres.*' => ['integer', 'exists:genres,id'],\n        ];\n    }\n\n    /**\n     * Get custom messages for validator errors.\n     *\n     * @return array<string, string>\n     */\n    public function messages(): array\n    {\n        return [\n            'title.required' => 'タイトルは必須です。',\n            'title.string' => 'タイトルは文字列で入力してください。',\n            'title.max' => 'タイトルは255文字以内で入力してください。',\n            'author.required' => '著者名は必須です。',\n            'author.string' => '著者名は文字列で入力してください。',\n            'author.max' => '著者名は255文字以内で入力してください。',\n            'isbn.required' => 'ISBNは必須です。',\n            'isbn.string' => 'ISBNは文字列で入力してください。',\n            'isbn.size' => 'ISBNは13桁で入力してください。',\n            'isbn.unique' => 'そのISBNは既に使用されています。',\n            'published_date.required' => '出版日は必須です。',\n            'published_date.date' => '出版日は有効な日付形式で入力してください。',\n            'description.string' => '説明は文字列で入力してください。',\n            'image_url.url' => '画像URLは有効なURL形式で入力してください。',\n            'image_url.max' => '画像URLは255文字以内で入力してください。',\n            'genres.required' => 'ジャンルは1つ以上選択してください。',\n            'genres.array' => 'ジャンルは配列で入力してください。',\n            'genres.min' => 'ジャンルは1つ以上選択してください。',\n            'genres.*.exists' => '選択されたジャンルは存在しません。',\n        ];\n    }\n}\n		追記をお願いいたします。	
基本機能編_完全手順書	Part 2: 実装手順書	Step 18: Sanctum認証層の追加（応用機能）：\n18.4. Api\V1\StoreBookRequest / UpdateBookRequest の更新	app/Http/Requests/Api/V1/UpdateBookRequest.ph：\n\n\n<?php\n\nnamespace App\Http\Requests\Api\V1;\n\nuse Illuminate\Foundation\Http\FormRequest;\nuse Illuminate\Validation\Rule;\n\nclass UpdateBookRequest extends FormRequest\n{\n    /**\n     * Determine if the user is authorized to make this request.\n     */\n    public function authorize(): bool\n    {\n        return true;\n    }\n\n    /**\n     * Get the validation rules that apply to the request.\n     *\n     * @return array<string, array<int, mixed>>\n     */\n    public function rules(): array\n    {\n        return [\n            'title' => ['required', 'string', 'max:255'],\n            'author' => ['required', 'string', 'max:255'],\n            'isbn' => ['required', 'string', 'size:13', Rule::unique('books')->ignore($this->route('book'))],\n            'published_date' => ['required', 'date'],\n            'description' => ['nullable', 'string'],\n            'image_url' => ['nullable', 'url', 'max:255'],\n            'genres' => ['required', 'array', 'min:1'],\n            'genres.*' => ['integer', 'exists:genres,id'],\n        ];\n    }\n\n    /**\n     * Get custom messages for validator errors.\n     *\n     * @return array<string, string>\n     */\n    public function messages(): array\n    {\n        return [\n            'title.required' => 'タイトルは必須です。',\n            'title.string' => 'タイトルは文字列で入力してください。',\n            'title.max' => 'タイトルは255文字以内で入力してください。',\n            'author.required' => '著者名は必須です。',\n            'author.string' => '著者名は文字列で入力してください。',\n            'author.max' => '著者名は255文字以内で入力してください。',\n            'isbn.required' => 'ISBNは必須です。',\n            'isbn.string' => 'ISBNは文字列で入力してください。',\n            'isbn.size' => 'ISBNは13桁で入力してください。',\n            'isbn.unique' => 'そのISBNは既に使用されています。',\n            'published_date.required' => '出版日は必須です。',\n            'published_date.date' => '出版日は有効な日付形式で入力してください。',\n            'description.string' => '説明は文字列で入力してください。',\n            'image_url.url' => '画像URLは有効なURL形式で入力してください。',\n            'image_url.max' => '画像URLは255文字以内で入力してください。',\n            'genres.required' => 'ジャンルは1つ以上選択してください。',\n            'genres.array' => 'ジャンルは配列で入力してください。',\n            'genres.*.exists' => '選択されたジャンルは存在しません。',\n        ];\n    }\n}	app/Http/Requests/Api/V1/UpdateBookRequest.ph：\n\n\n<?php\n\nnamespace App\Http\Requests\Api\V1;\n\nuse Illuminate\Foundation\Http\FormRequest;\nuse Illuminate\Validation\Rule;\n\nclass UpdateBookRequest extends FormRequest\n{\n    /**\n     * Determine if the user is authorized to make this request.\n     */\n    public function authorize(): bool\n    {\n        return true;\n    }\n\n    /**\n     * Get the validation rules that apply to the request.\n     *\n     * @return array<string, array<int, mixed>>\n     */\n    public function rules(): array\n    {\n        return [\n            'title' => ['required', 'string', 'max:255'],\n            'author' => ['required', 'string', 'max:255'],\n            'isbn' => ['required', 'string', 'size:13', Rule::unique('books')->ignore($this->route('book'))],\n            'published_date' => ['required', 'date'],\n            'description' => ['nullable', 'string'],\n            'image_url' => ['nullable', 'url', 'max:255'],\n            'genres' => ['required', 'array', 'min:1'],\n            'genres.*' => ['integer', 'exists:genres,id'],\n        ];\n    }\n\n    /**\n     * Get custom messages for validator errors.\n     *\n     * @return array<string, string>\n     */\n    public function messages(): array\n    {\n        return [\n            'title.required' => 'タイトルは必須です。',\n            'title.string' => 'タイトルは文字列で入力してください。',\n            'title.max' => 'タイトルは255文字以内で入力してください。',\n            'author.required' => '著者名は必須です。',\n            'author.string' => '著者名は文字列で入力してください。',\n            'author.max' => '著者名は255文字以内で入力してください。',\n            'isbn.required' => 'ISBNは必須です。',\n            'isbn.string' => 'ISBNは文字列で入力してください。',\n            'isbn.size' => 'ISBNは13桁で入力してください。',\n            'isbn.unique' => 'そのISBNは既に使用されています。',\n            'published_date.required' => '出版日は必須です。',\n            'published_date.date' => '出版日は有効な日付形式で入力してください。',\n            'description.string' => '説明は文字列で入力してください。',\n            'image_url.url' => '画像URLは有効なURL形式で入力してください。',\n            'image_url.max' => '画像URLは255文字以内で入力してください。',\n            'genres.required' => 'ジャンルは1つ以上選択してください。',\n            'genres.array' => 'ジャンルは配列で入力してください。',\n            'genres.min' => 'ジャンルは1つ以上選択してください。',\n            'genres.*.exists' => '選択されたジャンルは存在しません。',\n        ];\n    }\n}\n		追記をお願いいたします。	
基本機能編_完全手順書	Part 2: 実装手順書	Step 18: Sanctum認証層の追加（応用機能）：\n18.5. Api\V1\BookController の更新	<?php\n\nnamespace App\Http\Controllers\Api\V1;\n\nuse App\Http\Controllers\Controller;\nuse App\Http\Requests\Api\V1\IndexBookRequest;\nuse App\Http\Requests\Api\V1\StoreBookRequest;\nuse App\Http\Requests\Api\V1\UpdateBookRequest;\nuse App\Http\Resources\Api\V1\BookResource;\nuse App\Models\Book;\nuse Illuminate\Http\JsonResponse;\nuse Illuminate\Http\Resources\Json\AnonymousResourceCollection;\nuse Illuminate\Http\Response;\n\nclass BookController extends Controller\n{\n    /**\n     * 書籍一覧を取得\n     */\n    public function index(IndexBookRequest $request): AnonymousResourceCollection\n    {\n        $query = Book::with('genres')\n            ->withCount('reviews')\n            ->withAvg('reviews', 'rating');\n\n        if ($request->filled('keyword')) {\n            $keyword = $request->input('keyword');\n            $query->where(function ($q) use ($keyword): void {\n                $q->where('title', 'like', "%{$keyword}%")\n                    ->orWhere('author', 'like', "%{$keyword}%");\n            });\n        }\n\n        if ($request->filled('genre_id')) {\n            $genreId = $request->input('genre_id');\n            $query->whereHas('genres', function ($q) use ($genreId): void {\n                $q->where('genres.id', $genreId);\n            });\n        }\n\n        $perPage = (int) $request->input('per_page', 20);\n        $books = $query->latest()->paginate($perPage);\n\n        return BookResource::collection($books);\n    }\n\n    /**\n     * 書籍詳細を取得\n     */\n    public function show(Book $book): BookResource\n    {\n        $book->load(['genres', 'reviews.user']);\n        $book->loadCount('reviews');\n        $book->loadAvg('reviews', 'rating');\n\n        return new BookResource($book);\n    }\n\n    /**\n     * 書籍を新規登録（要 Sanctum 認証）\n     */\n    public function store(StoreBookRequest $request): JsonResponse\n    {\n        $validated = $request->validated();\n        $genreIds = $validated['genres'];\n        unset($validated['genres']);\n\n        $book = $request->user()->books()->create($validated);\n        $book->genres()->sync($genreIds);\n\n        $book->load(['genres', 'reviews.user']);\n        $book->loadCount('reviews');\n        $book->loadAvg('reviews', 'rating');\n\n        return (new BookResource($book))\n            ->response()\n            ->setStatusCode(Response::HTTP_CREATED);\n    }\n\n    /**\n     * 書籍を更新（要 Sanctum 認証 + 書籍所有者）\n     */\n    public function update(UpdateBookRequest $request, Book $book): BookResource\n    {\n        $this->authorize('update', $book);\n\n        $validated = $request->validated();\n        $genreIds = $validated['genres'];\n        unset($validated['genres']);\n\n        $book->update($validated);\n        $book->genres()->sync($genreIds);\n\n        $book->load(['genres', 'reviews.user']);\n        $book->loadCount('reviews');\n        $book->loadAvg('reviews', 'rating');\n\n        return new BookResource($book);\n    }\n\n    /**\n     * 書籍を削除（要 Sanctum 認証 + 書籍所有者）\n     */\n    public function destroy(Book $book): JsonResponse\n    {\n        $this->authorize('delete', $book);\n\n        $book->delete();\n\n        return response()->json(null, Response::HTTP_NO_CONTENT);\n    }\n}	<?php\n\nnamespace App\Http\Controllers\Api\V1;\n\nuse App\Http\Controllers\Controller;\nuse App\Http\Requests\Api\V1\IndexBookRequest;\nuse App\Http\Requests\Api\V1\StoreBookRequest;\nuse App\Http\Requests\Api\V1\UpdateBookRequest;\nuse App\Http\Resources\Api\V1\BookResource;\nuse App\Models\Book;\nuse Illuminate\Http\JsonResponse;\nuse Illuminate\Http\Resources\Json\AnonymousResourceCollection;\n\nclass BookController extends Controller\n{\n    /**\n     * 書籍一覧を取得\n     */\n    public function index(IndexBookRequest $request): AnonymousResourceCollection\n    {\n        $query = Book::with('genres')\n            ->withCount('reviews')\n            ->withAvg('reviews', 'rating');\n\n        if ($request->filled('keyword')) {\n            $keyword = $request->input('keyword');\n            $query->where(function ($q) use ($keyword): void {\n                $q->where('title', 'like', "%{$keyword}%")\n                    ->orWhere('author', 'like', "%{$keyword}%");\n            });\n        }\n\n        if ($request->filled('genre_id')) {\n            $genreId = $request->input('genre_id');\n            $query->whereHas('genres', function ($q) use ($genreId): void {\n                $q->where('genres.id', $genreId);\n            });\n        }\n\n        $perPage = (int) $request->input('per_page', 20);\n        $books = $query->latest()->paginate($perPage);\n\n        return BookResource::collection($books);\n    }\n\n    /**\n     * 書籍詳細を取得\n     */\n    public function show(Book $book): BookResource\n    {\n        $book->load(['genres', 'reviews.user']);\n        $book->loadCount('reviews');\n        $book->loadAvg('reviews', 'rating');\n\n        return new BookResource($book);\n    }\n\n    /**\n     * 書籍を新規登録（要 Sanctum 認証）\n     */\n    public function store(StoreBookRequest $request): JsonResponse\n    {\n        $validated = $request->validated();\n        $genreIds = $validated['genres'];\n        unset($validated['genres']);\n\n        $book = $request->user()->books()->create($validated);\n        $book->genres()->sync($genreIds);\n\n        $book->load(['genres', 'reviews.user']);\n        $book->loadCount('reviews');\n        $book->loadAvg('reviews', 'rating');\n\n        return (new BookResource($book))\n            ->response()\n            ->setStatusCode(201);\n    }\n\n    /**\n     * 書籍を更新（要 Sanctum 認証 + 書籍所有者）\n     */\n    public function update(UpdateBookRequest $request, Book $book): BookResource\n    {\n        $this->authorize('update', $book);\n\n        $validated = $request->validated();\n        $genreIds = $validated['genres'];\n        unset($validated['genres']);\n\n        $book->update($validated);\n        $book->genres()->sync($genreIds);\n\n        $book->load(['genres', 'reviews.user']);\n        $book->loadCount('reviews');\n        $book->loadAvg('reviews', 'rating');\n\n        return new BookResource($book);\n    }\n\n    /**\n     * 書籍を削除（要 Sanctum 認証 + 書籍所有者）\n     */\n    public function destroy(Book $book): JsonResponse\n    {\n        $this->authorize('delete', $book);\n\n        $book->delete();\n\n        return response()->json(null, 204);\n    }\n}\n		修正をお願いいたします	
基本機能編_完全手順書	Part 2: 実装手順書	Step 19: 応用機能のテスト：\n19.1. BookControllerTest の完全版	<?php\n\nnamespace Tests\Feature;\n\nuse App\Models\Book;\nuse App\Models\Genre;\nuse App\Models\Review;\nuse App\Models\User;\nuse Illuminate\Foundation\Testing\RefreshDatabase;\nuse Illuminate\Support\Facades\Http;\nuse Tests\TestCase;\n\nclass BookControllerTest extends TestCase\n{\n    use RefreshDatabase;\n\n    // ===== 基本機能（basic と同一） =====\n\n    public function test_book_index_page_can_be_rendered(): void\n    {\n        Book::factory()->count(2)->create();\n        $this->get(route('books.index'))->assertOk();\n    }\n\n    public function test_authenticated_user_can_view_create_form(): void\n    {\n        $user = User::factory()->create();\n        $this->actingAs($user)->get(route('books.create'))->assertOk();\n    }\n\n    public function test_guest_cannot_view_create_form(): void\n    {\n        $this->get(route('books.create'))->assertRedirect(route('login'));\n    }\n\n    public function test_authenticated_user_can_create_book(): void\n    {\n        $user = User::factory()->create();\n        $genres = Genre::factory()->count(2)->create();\n\n        $payload = $this->validBookData([\n            'title' => 'My Test Book',\n            'isbn' => '1111111111111',\n            'genres' => $genres->pluck('id')->toArray(),\n        ]);\n\n        $response = $this->actingAs($user)->post(route('books.store'), $payload);\n        $book = Book::where('title', 'My Test Book')->first();\n        $this->assertNotNull($book);\n        $response->assertRedirect(route('books.show', $book));\n        $this->assertDatabaseHas('books', ['id' => $book->id, 'user_id' => $user->id, 'title' => 'My Test Book']);\n\n        foreach ($genres as $genre) {\n            $this->assertDatabaseHas('book_genre', ['book_id' => $book->id, 'genre_id' => $genre->id]);\n        }\n    }\n\n    public function test_book_store_validation_errors(): void\n    {\n        $user = User::factory()->create();\n        $response = $this->actingAs($user)->post(route('books.store'), [\n            'title' => '', 'author' => '', 'isbn' => '123', 'published_date' => 'invalid-date', 'genres' => [],\n        ]);\n        $response->assertSessionHasErrors(['title', 'isbn', 'genres']);\n        $this->assertDatabaseCount('books', 0);\n    }\n\n    public function test_book_show_page_can_be_rendered(): void\n    {\n        $book = Book::factory()->create(['title' => 'Detail Book']);\n        $this->get(route('books.show', $book))->assertOk()->assertSee('Detail Book');\n    }\n\n    public function test_authenticated_user_can_update_book(): void\n    {\n        $user = User::factory()->create();\n        $book = Book::factory()->for($user)->create();\n        $originalGenre = Genre::factory()->create();\n        $book->genres()->attach($originalGenre);\n        $newGenres = Genre::factory()->count(2)->create();\n\n        $payload = $this->validBookData([\n            'title' => 'Updated Title', 'isbn' => '9876543210123',\n            'genres' => $newGenres->pluck('id')->toArray(),\n        ]);\n\n        $response = $this->actingAs($user)->put(route('books.update', $book), $payload);\n        $response->assertRedirect(route('books.show', $book));\n        $this->assertDatabaseHas('books', ['id' => $book->id, 'title' => 'Updated Title', 'isbn' => '9876543210123']);\n\n        foreach ($newGenres as $genre) {\n            $this->assertDatabaseHas('book_genre', ['book_id' => $book->id, 'genre_id' => $genre->id]);\n        }\n        $this->assertDatabaseMissing('book_genre', ['book_id' => $book->id, 'genre_id' => $originalGenre->id]);\n    }\n\n    public function test_authenticated_user_can_delete_book(): void\n    {\n        $user = User::factory()->create();\n        $book = Book::factory()->for($user)->create();\n        $this->actingAs($user)->delete(route('books.destroy', $book))->assertRedirect(route('books.index'));\n        $this->assertDatabaseMissing('books', ['id' => $book->id]);\n    }\n\n    public function test_only_owner_can_view_edit_form(): void\n    {\n        $owner = User::factory()->create();\n        $book = Book::factory()->for($owner)->create();\n        $otherUser = User::factory()->create();\n\n        $this->actingAs($owner)->get(route('books.edit', $book))->assertOk();\n        $this->actingAs($otherUser)->get(route('books.edit', $book))->assertForbidden();\n    }\n\n    // ===== 検索・フィルタ（応用機能） =====\n\n    public function test_book_index_with_search_query_displays_results(): void\n    {\n        $user = User::factory()->create();\n        $genre = Genre::factory()->create();\n        $hit = Book::factory()->create(['user_id' => $user->id, 'title' => 'Laravel入門']);\n        $miss = Book::factory()->create(['user_id' => $user->id, 'title' => 'PHP基礎']);\n        $hit->genres()->attach($genre->id);\n        $miss->genres()->attach($genre->id);\n\n        $response = $this->get(route('books.index', ['keyword' => 'Laravel']));\n        $response->assertOk();\n        $response->assertSee('Laravel入門');\n        $response->assertDontSee('PHP基礎');\n    }\n\n    public function test_book_index_can_filter_by_genre(): void\n    {\n        $user = User::factory()->create();\n        $genreA = Genre::factory()->create(['name' => 'GenreA']);\n        $genreB = Genre::factory()->create(['name' => 'GenreB']);\n        $bookA = Book::factory()->create(['user_id' => $user->id, 'title' => 'BookA-Title']);\n        $bookB = Book::factory()->create(['user_id' => $user->id, 'title' => 'BookB-Title']);\n        $bookA->genres()->attach($genreA->id);\n        $bookB->genres()->attach($genreB->id);\n\n        $response = $this->get(route('books.index', ['genre' => $genreA->id]));\n        $response->assertOk();\n        $response->assertSee('BookA-Title');\n        $response->assertDontSee('BookB-Title');\n    }\n\n    public function test_book_index_default_sort_is_newest(): void\n    {\n        $user = User::factory()->create();\n        $genre = Genre::factory()->create();\n        $oldBook = Book::factory()->create(['user_id' => $user->id, 'title' => 'Old Book', 'created_at' => now()->subDays(5)]);\n        $newBook = Book::factory()->create(['user_id' => $user->id, 'title' => 'New Book', 'created_at' => now()]);\n        $oldBook->genres()->attach($genre->id);\n        $newBook->genres()->attach($genre->id);\n\n        $response = $this->get(route('books.index'));\n        $response->assertOk();\n        $response->assertSeeInOrder(['New Book', 'Old Book']);\n    }\n\n    public function test_book_index_can_sort_by_oldest(): void\n    {\n        $user = User::factory()->create();\n        $genre = Genre::factory()->create();\n        $oldBook = Book::factory()->create(['user_id' => $user->id, 'title' => 'Old Book', 'created_at' => now()->subDays(5)]);\n        $newBook = Book::factory()->create(['user_id' => $user->id, 'title' => 'New Book', 'created_at' => now()]);\n        $oldBook->genres()->attach($genre->id);\n        $newBook->genres()->attach($genre->id);\n\n        $response = $this->get(route('books.index', ['sort' => 'oldest']));\n        $response->assertOk();\n        $response->assertSeeInOrder(['Old Book', 'New Book']);\n    }\n\n    public function test_book_index_can_sort_by_title(): void\n    {\n        $user = User::factory()->create();\n        $genre = Genre::factory()->create();\n        $bookB = Book::factory()->create(['user_id' => $user->id, 'title' => 'B Book']);\n        $bookA = Book::factory()->create(['user_id' => $user->id, 'title' => 'A Book']);\n        $bookB->genres()->attach($genre->id);\n        $bookA->genres()->attach($genre->id);\n\n        $response = $this->get(route('books.index', ['sort' => 'title']));\n        $response->assertOk();\n        $books = $response->viewData('books');\n        $titles = $books->pluck('title')->all();\n        $this->assertSame(['A Book', 'B Book'], $titles);\n    }\n\n    public function test_book_index_can_sort_by_rating(): void\n    {\n        $user = User::factory()->create();\n        $genre = Genre::factory()->create();\n        $highBook = Book::factory()->create(['user_id' => $user->id, 'title' => 'High Rated']);\n        $lowBook = Book::factory()->create(['user_id' => $user->id, 'title' => 'Low Rated']);\n        $highBook->genres()->attach($genre->id);\n        $lowBook->genres()->attach($genre->id);\n\n        Review::factory()->for($highBook)->for($user)->create(['rating' => 5]);\n        Review::factory()->for($lowBook)->for($user)->create(['rating' => 1]);\n\n        $response = $this->get(route('books.index', ['sort' => 'rating']));\n        $response->assertOk();\n        $books = $response->viewData('books');\n        $titles = $books->pluck('title')->all();\n        $this->assertSame('High Rated', $titles[0]);\n        $this->assertSame('Low Rated', $titles[1]);\n    }\n\n    public function test_owner_receives_edit_view_with_genres(): void\n    {\n        $owner = User::factory()->create();\n        $book = Book::factory()->create(['user_id' => $owner->id]);\n        Genre::factory()->count(3)->create();\n\n        $this->assertTrue($owner->can('update', $book));\n        $response = $this->actingAs($owner)->get(route('books.edit', $book));\n        $response->assertOk();\n        $view = $response->viewData('book');\n        $this->assertInstanceOf(Book::class, $view);\n        $this->assertSame($book->id, $view->id);\n        $genres = $response->viewData('genres');\n        $this->assertCount(3, $genres);\n    }\n\n    // ===== ISBN検索（応用機能） =====\n\n    public function test_search_by_isbn_returns_book_information(): void\n    {\n        Http::fake([\n            'googleapis.com/*' => Http::response([\n                'items' => [[\n                    'volumeInfo' => [\n                        'title' => 'モックされた本',\n                        'authors' => ['著者A', '著者B'],\n                        'publishedDate' => '2024-06-01',\n                        'description' => 'これはモック説明文',\n                        'imageLinks' => ['thumbnail' => 'https://example.com/thumb.jpg'],\n                    ],\n                ]],\n            ], 200),\n        ]);\n\n        $user = User::factory()->create();\n        $response = $this->actingAs($user)->getJson(route('books.searchByIsbn', ['isbn' => '9784000000000']));\n        $response->assertStatus(200);\n        $response->assertJson([\n            'title' => 'モックされた本', 'author' => '著者A, 著者B',\n            'published_date' => '2024-06-01', 'description' => 'これはモック説明文',\n            'image_url' => 'https://example.com/thumb.jpg',\n        ]);\n    }\n\n    public function test_search_by_isbn_returns_400_for_non_13_digit(): void\n    {\n        $user = User::factory()->create();\n        $response = $this->actingAs($user)->getJson(route('books.searchByIsbn', ['isbn' => '12345']));\n        $response->assertStatus(400);\n        $response->assertJson(['error' => 'ISBNは13桁で入力してください。']);\n    }\n\n    public function test_search_by_isbn_returns_404_when_no_results(): void\n    {\n        Http::fake(['googleapis.com/*' => Http::response(['totalItems' => 0], 200)]);\n        $user = User::factory()->create();\n        $response = $this->actingAs($user)->getJson(route('books.searchByIsbn', ['isbn' => '9784000000000']));\n        $response->assertStatus(404);\n        $response->assertJson(['error' => '書籍が見つかりませんでした。']);\n    }\n\n    public function test_search_by_isbn_returns_500_on_api_exception(): void\n    {\n        Http::fake(function (): void {\n            throw new \Exception('Network error');\n        });\n        $user = User::factory()->create();\n        $response = $this->actingAs($user)->getJson(route('books.searchByIsbn', ['isbn' => '9784000000000']));\n        $response->assertStatus(500);\n        $response->assertJson(['error' => 'API通信エラーが発生しました。']);\n    }\n\n    private function validBookData(array $overrides = []): array\n    {\n        $genres = $overrides['genres'] ?? Genre::factory()->count(2)->create()->pluck('id')->toArray();\n        return array_merge([\n            'title' => 'Sample Book', 'author' => 'Sample Author', 'isbn' => '1234567890123',\n            'published_date' => '2024-01-01', 'description' => 'Sample description',\n            'image_url' => 'https://example.com/image.jpg', 'genres' => $genres,\n        ], $overrides);\n    }\n}	<?php\n\nnamespace Tests\Feature;\n\nuse App\Models\Book;\nuse App\Models\Genre;\nuse App\Models\Review;\nuse App\Models\User;\nuse Illuminate\Foundation\Testing\RefreshDatabase;\nuse Illuminate\Support\Facades\Http;\nuse Tests\TestCase;\n\nclass BookControllerTest extends TestCase\n{\n    use RefreshDatabase;\n\n    // ===== 基本機能（basic と同一） =====\n\n    public function test_book_index_page_can_be_rendered(): void\n    {\n        Book::factory()->count(2)->create();\n\n        $this->get(route('books.index'))\n            ->assertOk();\n    }\n\n    public function test_authenticated_user_can_view_create_form(): void\n    {\n        $user = User::factory()->create();\n\n        $this->actingAs($user)\n            ->get(route('books.create'))\n            ->assertOk();\n    }\n\n    public function test_guest_cannot_view_create_form(): void\n    {\n        $this->get(route('books.create'))\n            ->assertRedirect(route('login'));\n    }\n\n    public function test_authenticated_user_can_create_book(): void\n    {\n        $user = User::factory()->create();\n        $genres = Genre::factory()->count(2)->create();\n\n        $payload = $this->validBookData([\n            'title' => 'My Test Book',\n            'isbn' => '1111111111111',\n            'genres' => $genres->pluck('id')->toArray(),\n        ]);\n\n        $response = $this->actingAs($user)->post(route('books.store'), $payload);\n\n        $book = Book::where('title', 'My Test Book')->first();\n        $this->assertNotNull($book);\n\n        $response->assertRedirect(route('books.show', $book));\n\n        $this->assertDatabaseHas('books', [\n            'id' => $book->id,\n            'user_id' => $user->id,\n            'title' => 'My Test Book',\n        ]);\n\n        foreach ($genres as $genre) {\n            $this->assertDatabaseHas('book_genre', [\n                'book_id' => $book->id,\n                'genre_id' => $genre->id,\n            ]);\n        }\n    }\n\n    public function test_book_store_validation_errors(): void\n    {\n        $user = User::factory()->create();\n\n        $response = $this->actingAs($user)->post(route('books.store'), [\n            'title' => '',\n            'author' => '',\n            'isbn' => '123',\n            'published_date' => 'invalid-date',\n            'genres' => [],\n        ]);\n\n        $response->assertSessionHasErrors(['title', 'isbn', 'genres']);\n        $this->assertDatabaseCount('books', 0);\n    }\n\n    public function test_book_show_page_can_be_rendered(): void\n    {\n        $book = Book::factory()->create(['title' => 'Detail Book']);\n\n        $this->get(route('books.show', $book))\n            ->assertOk()\n            ->assertSee('Detail Book');\n    }\n\n    public function test_authenticated_user_can_update_book(): void\n    {\n        $user = User::factory()->create();\n        $book = Book::factory()->for($user)->create();\n        $originalGenre = Genre::factory()->create();\n        $book->genres()->attach($originalGenre);\n        $newGenres = Genre::factory()->count(2)->create();\n\n        $payload = $this->validBookData([\n            'title' => 'Updated Title',\n            'isbn' => '9876543210123',\n            'genres' => $newGenres->pluck('id')->toArray(),\n        ]);\n\n        $response = $this->actingAs($user)->put(route('books.update', $book), $payload);\n\n        $response->assertRedirect(route('books.show', $book));\n\n        $this->assertDatabaseHas('books', [\n            'id' => $book->id,\n            'title' => 'Updated Title',\n            'isbn' => '9876543210123',\n        ]);\n\n        foreach ($newGenres as $genre) {\n            $this->assertDatabaseHas('book_genre', [\n                'book_id' => $book->id,\n                'genre_id' => $genre->id,\n            ]);\n        }\n\n        $this->assertDatabaseMissing('book_genre', [\n            'book_id' => $book->id,\n            'genre_id' => $originalGenre->id,\n        ]);\n    }\n\n    public function test_authenticated_user_can_delete_book(): void\n    {\n        $user = User::factory()->create();\n        $book = Book::factory()->for($user)->create();\n\n        $this->actingAs($user)\n            ->delete(route('books.destroy', $book))\n            ->assertRedirect(route('books.index'));\n\n        $this->assertDatabaseMissing('books', ['id' => $book->id]);\n    }\n\n    public function test_only_owner_can_view_edit_form(): void\n    {\n        $owner = User::factory()->create();\n        $book = Book::factory()->for($owner)->create();\n        $otherUser = User::factory()->create();\n\n        $this->actingAs($owner)\n            ->get(route('books.edit', $book))\n            ->assertOk();\n\n        $this->actingAs($otherUser)\n            ->get(route('books.edit', $book))\n            ->assertForbidden();\n    }\n\n    public function test_non_owner_cannot_delete_book(): void\n    {\n        $owner = User::factory()->create();\n        $book = Book::factory()->for($owner)->create();\n        $otherUser = User::factory()->create();\n\n        $this->actingAs($otherUser)\n            ->delete(route('books.destroy', $book))\n            ->assertForbidden();\n\n        $this->assertDatabaseHas('books', ['id' => $book->id]);\n    }\n\n    // ===== 検索・フィルタ（応用機能） =====\n\n    public function test_book_index_with_search_query_displays_results(): void\n    {\n        $user = User::factory()->create();\n        $genre = Genre::factory()->create();\n\n        $hit = Book::factory()->create(['user_id' => $user->id, 'title' => 'Laravel入門']);\n        $miss = Book::factory()->create(['user_id' => $user->id, 'title' => 'PHP基礎']);\n        $hit->genres()->attach($genre->id);\n        $miss->genres()->attach($genre->id);\n\n        $response = $this->get(route('books.index', ['keyword' => 'Laravel']));\n\n        $response->assertOk();\n        $response->assertSee('Laravel入門');\n        $response->assertDontSee('PHP基礎');\n    }\n\n    public function test_book_index_can_filter_by_genre(): void\n    {\n        $user = User::factory()->create();\n        $genreA = Genre::factory()->create(['name' => 'GenreA']);\n        $genreB = Genre::factory()->create(['name' => 'GenreB']);\n\n        $bookA = Book::factory()->create(['user_id' => $user->id, 'title' => 'BookA-Title']);\n        $bookB = Book::factory()->create(['user_id' => $user->id, 'title' => 'BookB-Title']);\n        $bookA->genres()->attach($genreA->id);\n        $bookB->genres()->attach($genreB->id);\n\n        $response = $this->get(route('books.index', ['genre' => $genreA->id]));\n\n        $response->assertOk();\n        $response->assertSee('BookA-Title');\n        $response->assertDontSee('BookB-Title');\n    }\n\n    // ===== ソート（応用機能） =====\n\n    public function test_book_index_default_sort_is_newest(): void\n    {\n        $user = User::factory()->create();\n        $genre = Genre::factory()->create();\n\n        $oldBook = Book::factory()->create([\n            'user_id' => $user->id,\n            'title' => 'Old Book',\n            'created_at' => now()->subDays(5),\n        ]);\n        $newBook = Book::factory()->create([\n            'user_id' => $user->id,\n            'title' => 'New Book',\n            'created_at' => now(),\n        ]);\n        $oldBook->genres()->attach($genre->id);\n        $newBook->genres()->attach($genre->id);\n\n        $response = $this->get(route('books.index'));\n\n        $response->assertOk();\n        $response->assertSeeInOrder(['New Book', 'Old Book']);\n    }\n\n    public function test_book_index_can_sort_by_oldest(): void\n    {\n        $user = User::factory()->create();\n        $genre = Genre::factory()->create();\n\n        $oldBook = Book::factory()->create([\n            'user_id' => $user->id,\n            'title' => 'Old Book',\n            'created_at' => now()->subDays(5),\n        ]);\n        $newBook = Book::factory()->create([\n            'user_id' => $user->id,\n            'title' => 'New Book',\n            'created_at' => now(),\n        ]);\n        $oldBook->genres()->attach($genre->id);\n        $newBook->genres()->attach($genre->id);\n\n        $response = $this->get(route('books.index', ['sort' => 'oldest']));\n\n        $response->assertOk();\n        $response->assertSeeInOrder(['Old Book', 'New Book']);\n    }\n\n    public function test_book_index_can_sort_by_title(): void\n    {\n        $user = User::factory()->create();\n        $genre = Genre::factory()->create();\n\n        $bookB = Book::factory()->create(['user_id' => $user->id, 'title' => 'B Book']);\n        $bookA = Book::factory()->create(['user_id' => $user->id, 'title' => 'A Book']);\n        $bookB->genres()->attach($genre->id);\n        $bookA->genres()->attach($genre->id);\n\n        $response = $this->get(route('books.index', ['sort' => 'title']));\n\n        $response->assertOk();\n        $books = $response->viewData('books');\n        $titles = $books->pluck('title')->all();\n\n        $this->assertSame(['A Book', 'B Book'], $titles);\n    }\n\n    public function test_book_index_can_sort_by_rating(): void\n    {\n        $user = User::factory()->create();\n        $genre = Genre::factory()->create();\n\n        $highBook = Book::factory()->create(['user_id' => $user->id, 'title' => 'High Rated']);\n        $lowBook = Book::factory()->create(['user_id' => $user->id, 'title' => 'Low Rated']);\n        $highBook->genres()->attach($genre->id);\n        $lowBook->genres()->attach($genre->id);\n\n        Review::factory()->for($highBook)->for($user)->create(['rating' => 5]);\n        Review::factory()->for($lowBook)->for($user)->create(['rating' => 1]);\n\n        $response = $this->get(route('books.index', ['sort' => 'rating']));\n\n        $response->assertOk();\n        $books = $response->viewData('books');\n        $titles = $books->pluck('title')->all();\n\n        $this->assertSame('High Rated', $titles[0]);\n        $this->assertSame('Low Rated', $titles[1]);\n    }\n\n    // ===== 書籍編集認可（応用機能 - BookPolicy + View 検証） =====\n\n    public function test_owner_receives_edit_view_with_genres(): void\n    {\n        $owner = User::factory()->create();\n        $book = Book::factory()->create(['user_id' => $owner->id]);\n        Genre::factory()->count(3)->create();\n\n        $this->assertTrue($owner->can('update', $book));\n\n        $response = $this->actingAs($owner)->get(route('books.edit', $book));\n\n        $response->assertOk();\n        $view = $response->viewData('book');\n        $this->assertInstanceOf(Book::class, $view);\n        $this->assertSame($book->id, $view->id);\n\n        $genres = $response->viewData('genres');\n        $this->assertCount(3, $genres);\n    }\n\n    // ===== ISBN検索（応用機能 - Http::fake モック） =====\n\n    public function test_search_by_isbn_returns_book_information(): void\n    {\n        Http::fake([\n            'googleapis.com/*' => Http::response([\n                'items' => [\n                    [\n                        'volumeInfo' => [\n                            'title' => 'モックされた本',\n                            'authors' => ['著者A', '著者B'],\n                            'publishedDate' => '2024-06-01',\n                            'description' => 'これはモック説明文',\n                            'imageLinks' => [\n                                'thumbnail' => 'https://example.com/thumb.jpg',\n                            ],\n                        ],\n                    ],\n                ],\n            ], 200),\n        ]);\n\n        $user = User::factory()->create();\n\n        $response = $this->actingAs($user)\n            ->getJson(route('books.searchByIsbn', ['isbn' => '9784000000000']));\n\n        $response->assertStatus(200);\n        $response->assertJson([\n            'title' => 'モックされた本',\n            'author' => '著者A, 著者B',\n            'published_date' => '2024-06-01',\n            'description' => 'これはモック説明文',\n            'image_url' => 'https://example.com/thumb.jpg',\n        ]);\n    }\n\n    public function test_search_by_isbn_returns_400_for_non_13_digit(): void\n    {\n        $user = User::factory()->create();\n\n        $response = $this->actingAs($user)\n            ->getJson(route('books.searchByIsbn', ['isbn' => '12345']));\n\n        $response->assertStatus(400);\n        $response->assertJson(['error' => 'ISBNは13桁で入力してください。']);\n    }\n\n    public function test_search_by_isbn_returns_404_when_no_results(): void\n    {\n        Http::fake([\n            'googleapis.com/*' => Http::response(['totalItems' => 0], 200),\n        ]);\n\n        $user = User::factory()->create();\n\n        $response = $this->actingAs($user)\n            ->getJson(route('books.searchByIsbn', ['isbn' => '9784000000000']));\n\n        $response->assertStatus(404);\n        $response->assertJson(['error' => '書籍が見つかりませんでした。']);\n    }\n\n    public function test_search_by_isbn_returns_500_on_api_exception(): void\n    {\n        Http::fake(function (): void {\n            throw new \Exception('Network error');\n        });\n\n        $user = User::factory()->create();\n\n        $response = $this->actingAs($user)\n            ->getJson(route('books.searchByIsbn', ['isbn' => '9784000000000']));\n\n        $response->assertStatus(500);\n        $response->assertJson(['error' => 'API通信エラーが発生しました。']);\n    }\n\n    private function validBookData(array $overrides = []): array\n    {\n        $genres = $overrides['genres'] ?? Genre::factory()->count(2)->create()->pluck('id')->toArray();\n\n        return array_merge([\n            'title' => 'Sample Book',\n            'author' => 'Sample Author',\n            'isbn' => '1234567890123',\n            'published_date' => '2024-01-01',\n            'description' => 'Sample description',\n            'image_url' => 'https://example.com/image.jpg',\n            'genres' => $genres,\n        ], $overrides);\n    }\n}\n		追記をお願いいたします。	
基本機能編_完全手順書	Part 2: 実装手順書	Step 20: 最終確認/20.3. README.md の作成	20.3. README.md の作成：\n\n・プロジェクト名と説明\n・ER図（Mermaid または画像）\n・環境構築手順\n・使用技術一覧\n・作成者名	20.3. README.md の作成：\n\n・プロジェクト名と概要\n・ER図（Mermaid または画像）\n・環境構築手順\n・使用技術一覧\n・作成者名\n・APIエンドポイント一覧\n・開発環境URL		変更と追記をお願いいたします。	
Chapter 00: 「行間リーダー」 - 要件の行間を読む力	実装の手順	Phase 1: 機能一覧とナビゲーションから「テーブルの候補」を挙げる	まずは、システムに必要な「テーブル（データの箱）」を洗い出します。 50%要件定義書の「3.1 機能一覧」を見て、必要なデータを予測し、Bladeのナビゲーションで裏付けを取ります。	まずは、システムに必要な「テーブル（データの箱）」を洗い出します。 50%要件定義書の「7. 機能要件一覧」を見て、必要なデータを予測し、Bladeのナビゲーションで裏付けを取ります。			
Chapter 00: 「行間リーダー」 - 要件の行間を読む力	実装の手順	Phase 1: 機能一覧とナビゲーションから「テーブルの候補」を挙げる：\n1. 手がかり1: 要件定義書 (3.1 機能一覧)	1. 手がかり1: 要件定義書 (3.1 機能一覧)	1. 手がかり1: 要件定義書 (7. 機能要件一覧)			
Chapter 00: 「行間リーダー」 - 要件の行間を読む力	実装の手順	Phase 1: 機能一覧とナビゲーションから「テーブルの候補」を挙げる：\n1. 手がかり1: 要件定義書 (3.1 機能一覧)	2. 手がかり2: Blade (Navigation & Show)：\nresources/views/books/show.blade.php:\n<button class="text-red-500">{{ $review->likes->count() }}</button>	2. 手がかり2: Blade (Navigation & Show)：\n\n\nresources/views/books/show.blade.php:\n<button type="submit" ...>\n いいね ({{ $review->likedByUsers->count() }})\n</button>			
Chapter 00: 「行間リーダー」 - 要件の行間を読む力	実装の手順	Phase 3: 入力項目一覧と属性から「データ型と制約」を見抜く	1. 手がかり1: 要件定義書 (3.1 機能一覧 / 書籍登録)	1. 手がかり1: 要件定義書 (7.機能要件一覧 / 書籍登録)			
Chapter 00: 「行間リーダー」 - 要件の行間を読む力	実装の手順	Phase 3: 入力項目一覧と属性から「データ型と制約」を見抜く	2. 手がかり2: Blade (_form.blade.php / reviews/edit.blade.php)\nISBN: maxlength="13"、プレースホルダー 978...（ハイフンなし）\n説明: プレースホルダーに （任意） と記載あり。\n評価: ラジオボタンで 1 ~ 5 のみ。\nエンジニアの思考:\n「ISBNは13桁固定の文字列として扱おう。」\n「説明は『任意』だから、DB側でも NULL を許容（Nullable）しないとエラーになる。」\n「評価は整数のみだから、INTEGER ではなく最小の TINYINT で十分だ。」	\n2. 手がかり2: Blade (_form.blade.php / reviews/edit.blade.php)\n・ISBN: プレースホルダー 978...（ハイフンなし）\n・説明: プレースホルダーに （任意） と記載あり。\n・評価: ラジオボタンで 1 ~ 5 のみ。\n・エンジニアの思考:\n　　「ISBNは13桁だからの文字列として扱おう。」\n　　「説明は『任意』だから、DB側でも NULL を許容（Nullable）しないとエラーになる。」\n　　「評価は整数のみだから、INTEGER ではなく最小の TINYINT で十分だ。」			
Chapter 00: 「行間リーダー」 - 要件の行間を読む力	実装の手順	Phase 3: 入力項目一覧と属性から「データ型と制約」を見抜く	PMへのヒアリング例 (Q3, Q4, Q5)\n・「ISBNは画面に合わせて13桁固定・ハイフンなしとし、DB定義は VARCHAR(13) とします。また、システムとして**一意（Unique）**制約をかけますか？」	PMへのヒアリング例 (Q3, Q4, Q5)\n・「ISBNは画面に合わせて13桁・ハイフンなしとし、DB定義は VARCHAR(13) とします。また、システムとして**一意（Unique）**制約をかけますか？」			
Chapter 00: 「行間リーダー」 - 要件の行間を読む力	実装の手順	Phase 4: 機能の制約とボタンから「削除ロジック」を見抜く	1. 手がかり1: 要件定義書 (3.1 機能一覧 / ジャンル管理)	1. 手がかり1: 要件定義書  (7. 機能要件一覧 / ジャンル一覧)			
Chapter 00: 「行間リーダー」 - 要件の行間を読む力	なぜこう作るのか？：現場のバックエンドエンジニアが持つ「3つの観点」	2. データのライフサイクルと整合性 (Integrity)	解説：\nジャンル削除: 使用中は消してはいけない（Restrict） このように、データの種類によって「正しい死に方（削除ルール）」を定義するのがエンジニアの責任です。	解説：\nジャンル削除: 使用中は消してはいけない（Restrict） このように、データの種類に応じて適切な削除ルールを定義するのがエンジニアの責任です。		言葉の表現を変えてもいいかなと思いました。	
Chapter 00: 「行間リーダー」 - 要件の行間を読む力	成果物：データベース基本設計書	ER図 (Mermaid記法)	カーディナリティが模範解答のER図と異なります。	模範解答のER図に差し替えをお願いします（reading_plansテーブル・notificationsテーブルを含めたものでお願いいたします）。			
Chapter 00: 「行間リーダー」 - 要件の行間を読む力	成果物：データベース基本設計書	テーブル定義書		reading_plansテーブル\nnotificationsテーブル\n\n上記2つの追記もお願いいたします。			
Chapter 00: 「行間リーダー」 - 要件の行間を読む力	テーブル定義書	各テーブル	論理名　物理名　型　 NULL　制約・備考	論理名　物理名（カラム名）　データ型　NULL許可　制約・備考		この方がわかりやすいかな？と思いました。	
Chapter 00: 「行間リーダー」 - 要件の行間を読む力	テーブル定義書	2. books (書籍)	isbn\npublished_date    	制約・備考：nullableの明記不要\n		\ndescription・image_urlもnullableなのに明記ないのはおかしくなるため、外しておいてもいいかと思います。	
Chapter 00: 「行間リーダー」 - 要件の行間を読む力	テーブル定義書	5. favorites (お気に入り・中間テーブル)	ID\nユーザーID\n書籍ID\n作成日時\n更新日時\n\n複合ユニーク制約: (user_id, book_id) の組み合わせは重複不可。	\nユーザーID\n書籍ID\n\n\n複合主キー: PRIMARY KEY (user_id, book_id) で重複を防止。			
Chapter 00: 「行間リーダー」 - 要件の行間を読む力	テーブル定義書	6. review_likes (レビューいいね・中間テーブル)	ID\nユーザーID\nレビューID   \n作成日時\n更新日時\n\n複合ユニーク制約: (user_id, book_id) の組み合わせは重複不可。	ユーザーID\nレビューID        \n\n複合主キー: PRIMARY KEY (user_id, book_id) で重複を防止。			
Chapter 00: 「行間リーダー」 - 要件の行間を読む力	テーブル定義書	7. book_genre (書籍ジャンル紐付け・中間テーブル)	ID\nユーザーID\nジャンルID     \n作成日時\n更新日時\n\n複合ユニーク制約: (user_id, book_id) の組み合わせは重複不可。	ユーザーID\nジャンルID           \n\n複合主キー: PRIMARY KEY (user_id, book_id) で重複を防止。			
Chapter 00: 「行間リーダー」 - 要件の行間を読む力	コードリーディング	手がかり	maxlength="13" + プレースホルダー 978...	プレースホルダー 978...			
Chapter 01: 「完璧なキッチン」 - 開発環境のセットアップ	実装の手順	1.4. compose.yaml の設定	    phpmyadmin:\n        image: phpmyadmin/phpmyadmin\n        ports:\n            - '8080:80'\n        environment:\n            PMA_HOST: mysql\n            PMA_USER: sail\n            PMA_PASSWORD: password\n        networks:\n            - sail\n        depends_on:\n            - mysql	phpmyadmin:\n    image: 'phpmyadmin:latest'\n    ports:\n        - '${FORWARD_PHPMYADMIN_PORT:-8080}:80'\n    environment:\n        PMA_HOST: mysql\n        PMA_USER: '${DB_USERNAME}'\n        PMA_PASSWORD: '${DB_PASSWORD}'\n    networks:\n        - sail\n    depends_on:\n        - mysql			
Chapter 01: 「完璧なキッチン」 - 開発環境のセットアップ	実装の手順	1.5. Sailの起動とAPP_KEY生成		⚠️ Apple Silicon (M1/M2) Macをお使いの方へ\n\n./vendor/bin/sail up -d 実行時に、MySQLやphpMyAdminのコンテナでプラットフォームエラーが発生する場合があります。その場合は、compose.yaml の該当サービスに以下の設定を追加してください。\n\nplatform: linux/amd64\n例えば、mysql サービスと phpmyadmin サービスそれぞれの image: の下に追記します。		こちらは要件にはあるので、なくても大丈夫です。必要に応じて追加していただけたらと思います。	
Chapter 01: 「完璧なキッチン」 - 開発環境のセットアップ	実装の手順	1.6. フロントエンドのセットアップ	import Alpine from 'alpinejs';\n\nwindow.Alpine = Alpine;\n\nAlpine.start();	resources/js/app.js:\nimport './bootstrap';\n\nimport Alpine from 'alpinejs';\n\nwindow.Alpine = Alpine;\n\nAlpine.start();		模範解答の変更をお願いいたします。\n（16行目にも明記しています）	
Chapter 01: 「完璧なキッチン」 - 開発環境のセットアップ	実装の手順	1.6. フロントエンドのセットアップ	\n	必要であれば下記も追加お願いいたします。\n\n・Tailwind CSSと @tailwindcss/forms プラグインのインストール\nsail npm install -D tailwindcss@^3.4.0 @tailwindcss/forms postcss autoprefixer\n\n・設定ファイルの生成\nsail npx tailwindcss init -p			
Chapter 01: 「完璧なキッチン」 - 開発環境のセットアップ	実装の手順	1.7. 日本語バリデーションメッセージの準備：\nlang/ja/validation.php:	<?php\n\nreturn [\n    'min' => [\n        'string' => ':attributeは:min文字以上で入力してください。',\n    ],\n\n    'attributes' => [\n        'name' => 'お名前',\n        'email' => 'メールアドレス',\n        'password' => 'パスワード',\n    ],\n];	<?php\n\nreturn [\n    'required' => ':attributeを入力してください。',\n    'email' => ':attributeはメール形式で入力してください。',\n    'confirmed' => ':attributeと一致しません。',\n    'unique' => 'その:attributeは既に使用されています。',\n    'min' => [\n        'string' => ':attributeは:min文字以上で入力してください。',\n    ],\n\n    'attributes' => [\n        'name' => 'お名前',\n        'email' => 'メールアドレス',\n        'password' => 'パスワード',\n    ],\n];\n			
Chapter 02: 「データベースのGit」 - データベース設計とマイグレーション	Chapter 02: 「データベースのGit」 - データベース設計とマイグレーション		Chapter 02: 「データベースのGit」 - データベース設計とマイグレーショ���	Chapter 02: 「データベースのGit」 - データベース設計とマイグレーション			
Chapter 02: 「データベースのGit」 - データベース設計とマイグレーション	実装の手順	2.1. マイグレーションファイルの作成	sail artisan make:migration create_books_table\nsail artisan make:migration create_genres_table\nsail artisan make:migration create_book_genre_table\nsail artisan make:migration create_reviews_table\nsail artisan make:migration create_favorites_table\nsail artisan make:migration create_review_likes_table	sail artisan make:migration create_books_table\nsail artisan make:migration create_genres_table\nsail artisan make:migration create_book_genre_table\nsail artisan make:migration create_reviews_table\nsail artisan make:migration create_favorites_table\nsail artisan make:migration create_review_likes_table\nsail artisan make:migration create_reading_plans_table\nsail artisan make:migration create_notifications_table		追加をお願いいたします。	
Chapter 02: 「データベースのGit」 - データベース設計とマイグレーション	実装の手順	2.2. マイグレーションファイルへの記述	作成された各���イグレーションファイルに、Chapter 00のテーブル定義書の内容をコードで記述していきます。	作成された各マイグレーションファイルに、Chapter 00のテーブル定義書の内容をコードで記述していきます。			
Chapter 02: 「データベースのGit」 - データベース設計とマイグレーション	なぜこう作るのか？		設計書の判断：ユーザー退会時にデータ連動削除\nマイグレーションでの表現：cascadeOnDelete()\n背景：Phase 4で決定した「Cascade」ルール	設計書の判断：ユーザー退会時にデータ連動削除\nマイグレーションでの表現：onDelete('cascade')\n背景：Phase 4で決定した「Cascade」ルール			
Chapter 02: 「データベースのGit」 - データベース設計とマイグレーション	なぜこう作るのか？		設計書の判断：中間テーブルにidとtimestamps    \nマイグレーションでの表現：$table->id() + $table->timestamps()    \n背景：Eloquent標準に合わせた設計	設計書の判断：中間テーブルは複合主キー\nマイグレーションでの表現：$table->primary(['col1', 'col2'])\n背景：idカラムやtimestampsを持たないシンプルな構造			
Chapter 02: 「データベースのGit」 - データベース設計とマイグレーション	コードの実装	2.2.1. create_books_table	<?php\n\nuse Illuminate\Database\Migrations\Migration;\nuse Illuminate\Database\Schema\Blueprint;\nuse Illuminate\Support\Facades\Schema;\n\nreturn new class extends Migration\n{\n    public function up(): void\n    {\n        Schema::create('books', function (Blueprint $table): void {\n            $table->id();\n            $table->foreignId('user_id')->constrained()->cascadeOnDelete();\n            $table->string('title');\n            $table->string('author');\n            $table->string('isbn', 13)->nullable()->unique();\n            $table->date('published_date')->nullable();\n            $table->text('description')->nullable();\n            $table->string('image_url')->nullable();\n            $table->timestamps();\n        });\n    }\n\n    public function down(): void\n    {\n        Schema::dropIfExists('books');\n    }\n};	<?php\n\nuse Illuminate\Database\Migrations\Migration;\nuse Illuminate\Database\Schema\Blueprint;\nuse Illuminate\Support\Facades\Schema;\n\nreturn new class extends Migration\n{\n    public function up(): void\n    {\n        Schema::create('books', function (Blueprint $table): void {\n            $table->id();\n            $table->foreignId('user_id')->constrained()->onDelete('cascade');\n            $table->string('title');\n            $table->string('author');\n            $table->string('isbn', 13)->nullable()->unique();\n            $table->date('published_date')->nullable();\n            $table->text('description')->nullable();\n            $table->string('image_url')->nullable();\n            $table->timestamps();\n        });\n    }\n\n    public function down(): void\n    {\n        Schema::dropIfExists('books');\n    }\n};\n		このあたりは18行目にても明記しています\n\n模範解答は\n\nSchema::create('books', function (Blueprint $table) {\n\n↓\n\n\nSchema::create('books', function (Blueprint $table): void {	
Chapter 02: 「データベースのGit」 - データベース設計とマイグレーション	コードの実装	2.2.2. create_genres_table	模範解答\n\n<?php\n\nuse Illuminate\Database\Migrations\Migration;\nuse Illuminate\Database\Schema\Blueprint;\nuse Illuminate\Support\Facades\Schema;\n\nreturn new class extends Migration\n{\n    public function up(): void\n    {\n        Schema::create('genres', function (Blueprint $table) {\n            $table->id();\n            $table->string('name')->unique();\n            $table->timestamps();\n        });\n    }\n\n    public function down(): void\n    {\n        Schema::dropIfExists('genres');\n    }\n};\n	模範解答\n\n\n<?php\n\nuse Illuminate\Database\Migrations\Migration;\nuse Illuminate\Database\Schema\Blueprint;\nuse Illuminate\Support\Facades\Schema;\n\nreturn new class extends Migration\n{\n    public function up(): void\n    {\n        Schema::create('genres', function (Blueprint $table): void {\n            $table->id();\n            $table->string('name')->unique();\n            $table->timestamps();\n        });\n    }\n\n    public function down(): void\n    {\n        Schema::dropIfExists('genres');\n    }\n};		20行目にも明記しています。	
Chapter 02: 「データベースのGit」 - データベース設計とマイグレーション	コードの実装	2.2.3. create_book_genre_table	<?php\n\nuse Illuminate\Database\Migrations\Migration;\nuse Illuminate\Database\Schema\Blueprint;\nuse Illuminate\Support\Facades\Schema;\n\nreturn new class extends Migration\n{\n    public function up(): void\n    {\n        Schema::create('book_genre', function (Blueprint $table): void {\n            $table->foreignId('book_id')->constrained()->cascadeOnDelete();\n            $table->foreignId('genre_id')->constrained()->cascadeOnDelete();\n            $table->primary(['book_id', 'genre_id']);\n        });\n    }\n\n    public function down(): void\n    {\n        Schema::dropIfExists('book_genre');\n    }\n};	<?php\n\nuse Illuminate\Database\Migrations\Migration;\nuse Illuminate\Database\Schema\Blueprint;\nuse Illuminate\Support\Facades\Schema;\n\nreturn new class extends Migration\n{\n    public function up(): void\n    {\n        Schema::create('book_genre', function (Blueprint $table): void {\n            $table->foreignId('book_id')->constrained()->onDelete('cascade');\n            $table->foreignId('genre_id')->constrained()->onDelete('cascade');\n            $table->primary(['book_id', 'genre_id']);\n        });\n    }\n\n    public function down(): void\n    {\n        Schema::dropIfExists('book_genre');\n    }\n};\n		22行目にも明記しています。\n\n\n模範解答：\n\nSchema::create('book_genre', function (Blueprint $table) {\n\n\n↓\n\n\n\nSchema::create('book_genre', function (Blueprint $table): void {	
Chapter 02: 「データベースのGit」 - データベース設計とマイグレーション	コードの実装	2.2.4. create_reviews_table	<?php\n\nuse Illuminate\Database\Migrations\Migration;\nuse Illuminate\Database\Schema\Blueprint;\nuse Illuminate\Support\Facades\Schema;\n\nreturn new class extends Migration\n{\n    public function up(): void\n    {\n        Schema::create('reviews', function (Blueprint $table): void {\n            $table->id();\n            $table->foreignId('user_id')->constrained()->cascadeOnDelete();\n            $table->foreignId('book_id')->constrained()->cascadeOnDelete();\n            $table->tinyInteger('rating');\n            $table->text('comment');\n            $table->timestamps();\n        });\n    }\n\n    public function down(): void\n    {\n        Schema::dropIfExists('reviews');\n    }\n};	<?php\n\nuse Illuminate\Database\Migrations\Migration;\nuse Illuminate\Database\Schema\Blueprint;\nuse Illuminate\Support\Facades\Schema;\n\nreturn new class extends Migration\n{\n    public function up(): void\n    {\n        Schema::create('reviews', function (Blueprint $table): void {\n            $table->id();\n            $table->foreignId('user_id')->constrained()->onDelete('cascade');\n            $table->foreignId('book_id')->constrained()->onDelete('cascade');\n            $table->tinyInteger('rating');\n            $table->text('comment');\n            $table->timestamps();\n        });\n    }\n\n    public function down(): void\n    {\n        Schema::dropIfExists('reviews');\n    }\n};\n		24行目にも明記しています。\n\n\n模範解答：\n\n\nSchema::create('reviews', function (Blueprint $table) {\n\n\n↓\n\n\n\nSchema::create('reviews', function (Blueprint $table): void {	
Chapter 02: 「データベースのGit」 - データベース設計とマイグレーション	コードの実装	2.2.5. create_favorites_table	<?php\n\nuse Illuminate\Database\Migrations\Migration;\nuse Illuminate\Database\Schema\Blueprint;\nuse Illuminate\Support\Facades\Schema;\n\nreturn new class extends Migration\n{\n    public function up(): void\n    {\n        Schema::create('favorites', function (Blueprint $table): void {\n            $table->foreignId('user_id')->constrained()->cascadeOnDelete();\n            $table->foreignId('book_id')->constrained()->cascadeOnDelete();\n            $table->primary(['user_id', 'book_id']);\n        });\n    }\n\n    public function down(): void\n    {\n        Schema::dropIfExists('favorites');\n    }\n};	<?php\n\nuse Illuminate\Database\Migrations\Migration;\nuse Illuminate\Database\Schema\Blueprint;\nuse Illuminate\Support\Facades\Schema;\n\nreturn new class extends Migration\n{\n    public function up(): void\n    {\n        Schema::create('favorites', function (Blueprint $table): void {\n            $table->foreignId('user_id')->constrained()->onDelete('cascade');\n            $table->foreignId('book_id')->constrained()->onDelete('cascade');\n            $table->primary(['user_id', 'book_id']);\n        });\n    }\n\n    public function down(): void\n    {\n        Schema::dropIfExists('favorites');\n    }\n};\n		26行目にも明記しています。\n\n\n模範解答：\nSchema::create('favorites', function (Blueprint $table) {\n\n\n\n↓\n\n\n\nSchema::create('favorites', function (Blueprint $table): void {	
Chapter 02: 「データベースのGit」 - データベース設計とマイグレーション	コードの実装	2.2.6. create_review_likes_table	<?php\n\nuse Illuminate\Database\Migrations\Migration;\nuse Illuminate\Database\Schema\Blueprint;\nuse Illuminate\Support\Facades\Schema;\n\nreturn new class extends Migration\n{\n    public function up(): void\n    {\n        Schema::create('review_likes', function (Blueprint $table): void {\n            $table->foreignId('user_id')->constrained()->cascadeOnDelete();\n            $table->foreignId('review_id')->constrained()->cascadeOnDelete();\n            $table->primary(['user_id', 'review_id']);\n        });\n    }\n\n    public function down(): void\n    {\n        Schema::dropIfExists('review_likes');\n    }\n};	<?php\n\nuse Illuminate\Database\Migrations\Migration;\nuse Illuminate\Database\Schema\Blueprint;\nuse Illuminate\Support\Facades\Schema;\n\nreturn new class extends Migration\n{\n    public function up(): void\n    {\n        Schema::create('review_likes', function (Blueprint $table) {\n            $table->foreignId('user_id')->constrained()->onDelete('cascade');\n            $table->foreignId('review_id')->constrained()->onDelete('cascade');\n            $table->primary(['user_id', 'review_id']);\n        });\n    }\n\n    public function down(): void\n    {\n        Schema::dropIfExists('review_likes');\n    }\n};\n		28行目にも明記しています。\n\n\n模範解答：\n\nSchema::create('review_likes', function (Blueprint $table) {\n\n\n↓\n\n\nSchema::create('review_likes', function (Blueprint $table): void {	
Chapter 02: 「データベースのGit」 - データベース設計とマイグレーション	コードの実装	2.2.6. create_reading_plans_table		database/migrations/YYYY_MM_DD_XXXXXX_create_reading_plans_table.php\n\n<?php\n\nuse Illuminate\Database\Migrations\Migration;\nuse Illuminate\Database\Schema\Blueprint;\nuse Illuminate\Support\Facades\Schema;\n\nreturn new class extends Migration\n{\n    public function up(): void\n    {\n        Schema::create('reading_plans', function (Blueprint $table) {\n            $table->id();\n            $table->foreignId('user_id')->constrained()->onDelete('cascade');\n            $table->foreignId('book_id')->constrained()->onDelete('cascade');\n            $table->date('target_date');\n            $table->string('status', 20)->default('in_progress');\n            $table->timestamp('completed_at')->nullable();\n            $table->timestamps();\n\n            $table->index(['user_id', 'status']);\n            $table->index('target_date');\n        });\n    }\n\n    public function down(): void\n    {\n        Schema::dropIfExists('reading_plans');\n    }\n};\n		追加をお願いいたします。	
Chapter 02: 「データベースのGit」 - データベース設計とマイグレーション	コードの実装	2.2.7. create_notifications_table		database/migrations/YYYY_MM_DD_XXXXXX_create_notifications_table.php\n\n\n<?php\n\nuse Illuminate\Database\Migrations\Migration;\nuse Illuminate\Database\Schema\Blueprint;\nuse Illuminate\Support\Facades\Schema;\n\nreturn new class extends Migration\n{\n    public function up(): void\n    {\n        Schema::create('notifications', function (Blueprint $table) {\n            $table->uuid('id')->primary();\n            $table->string('type');\n            $table->morphs('notifiable');\n            $table->text('data');\n            $table->timestamp('read_at')->nullable();\n            $table->timestamps();\n        });\n    }\n\n    public function down(): void\n    {\n        Schema::dropIfExists('notifications');\n    }\n};\n		追加をお願いいたします。	
Chapter 02: 「データベースのGit」 - データベース設計とマイグレーション	コードの実装	コードリーディング：\n設計書からコードへの変換対応表	コード：$table->foreignId('user_id')->constrained()\n設計書との対応：FK(users.id)\n解説：Laravelの命名規則（テーブル名_id）に従っているため、constrained() だけでusersテーブルのidカラムへの参照を自動設定��ます。	コード：$table->foreignId('user_id')->constrained()\n設計書との対応：FK(users.id)\n解説：Laravelの命名規則（テーブル名_id）に従っているため、constrained() だけでusersテーブルのidカラムへの参照を自動設定します。			
Chapter 02: 「データベースのGit」 - データベース設計とマイグレーション	コードの実装	コードリーディング：\n設計書からコードへの変換対応表	コード：->cascadeOnDelete()\n	コード：->onDelete('cascade')\n			
Chapter 02: 「データベースのGit」 - データベース設計とマイグレーション	コードの実装	コードリーディング：\n設計書からコードへの変換対応表	コード：$table->tinyInteger('rating')\n設計書との対応：rating (TINYINT)\n解説：127 の範囲を持つ最小の整数型です。	コード：$table->tinyInteger('rating')\n設計書との対応：rating (TINYINT)\n解説：1〜5の評価値を保存するために tinyInteger 型を使用しています。			
Chapter 02: 「データベースのGit」 - データベース設計とマイグレーション	調べ方のヒント	疑問：外部キーの書き方	「Laravel のマイグレーションで foreignId と constrained を使って外部キーを定義する方法を教えてください。cascadeOnDelete との違いも含めて。」	「Laravel のマイグレーションで foreignId と constrained を使って外部キーを定義する方法を教えてください。cascadeOnDelete との違いも含めて。」			
Chapter 02: 「データベースのGit」 - データベース設計とマイグレーション	このChapterのまとめ	設計書の項目：\nCASCADE DELETE	Laravelのコード：\n->cascadeOnDelete()	Laravelのコード：\n->onDelete('cascade')			
Chapter 03: 「データベースの通訳者」 - モデルとリレーションシップ	実装の手順	3.1. モデルの作成	sail artisan make:model Book\nsail artisan make:model Review\nsail artisan make:model Genre\nsail artisan make:model Favorite\nsail artisan make:model ReviewLike	sail artisan make:model Book\nsail artisan make:model Review\nsail artisan make:model Genre\nsail artisan make:model ReadingPlan		sail artisan make:model Favorite\nsail artisan make:model ReviewLike\nこちら応用版でも同じ複合主キー構造に戻して統一となったので、基本版に限らず応用版でも不要になる認識です。\n応用版の手順書には作成手順が記載されていたので、修正前に念の為ご確認いただきたいです。\n\n下記追記をお願いいたします。\nsail artisan make:model ReadingPlan	
Chapter 03: 「データベースの通訳者」 - モデルとリレーションシップ	なぜこう作るのか？			HasApiTokens トレイトの先行追加\nUser モデルに HasApiTokens トレイトを追加していますが、これは Step 18（Sanctum認証API）で使用するための先行準備です。\n\n			
Chapter 03: 「データベースの通訳者」 - モデルとリレーションシップ	コードの実装	3.2.1. User モデル	<?php\n\nnamespace App\Models;\n\nuse Illuminate\Database\Eloquent\Factories\HasFactory;\nuse Illuminate\Database\Eloquent\Relations\BelongsToMany;\nuse Illuminate\Database\Eloquent\Relations\HasMany;\nuse Illuminate\Foundation\Auth\User as Authenticatable;\nuse Illuminate\Notifications\Notifiable;\nuse Laravel\Sanctum\HasApiTokens;\n\nclass User extends Authenticatable\n{\n    use HasApiTokens, HasFactory, Notifiable;\n\n    /**\n     * The attributes that are mass assignable.\n     *\n     * @var array<int, string>\n     */\n    protected $fillable = [\n        'name',\n        'email',\n        'password',\n    ];\n\n    /**\n     * The attributes that should be hidden for serialization.\n     *\n     * @var array<int, string>\n     */\n    protected $hidden = [\n        'password',\n        'remember_token',\n    ];\n\n    /**\n     * Get the attributes that should be cast.\n     *\n     * @return array<string, string>\n     */\n    protected function casts(): array\n    {\n        return [\n            'email_verified_at' => 'datetime',\n            'password' => 'hashed',\n        ];\n    }\n\n    /**\n     * ユーザーが登録した書籍\n     */\n    public function books(): HasMany\n    {\n        return $this->hasMany(Book::class);\n    }\n\n    /**\n     * ユーザーが投稿したレビュー\n     */\n    public function reviews(): HasMany\n    {\n        return $this->hasMany(Review::class);\n    }\n\n    /**\n     * ユーザーがお気に入りに登録した書籍\n     */\n    public function favoriteBooks(): BelongsToMany\n    {\n        return $this->belongsToMany(Book::class, 'favorites');\n    }\n\n    /**\n     * ユーザーがいいねしたレビュー\n     */\n    public function likedReviews(): BelongsToMany\n    {\n        return $this->belongsToMany(Review::class, 'review_likes');\n    }\n}	<?php\n\nnamespace App\Models;\n\nuse Illuminate\Database\Eloquent\Factories\HasFactory;\nuse Illuminate\Database\Eloquent\Relations\BelongsToMany;\nuse Illuminate\Database\Eloquent\Relations\HasMany;\nuse Illuminate\Foundation\Auth\User as Authenticatable;\nuse Illuminate\Notifications\Notifiable;\nuse Laravel\Sanctum\HasApiTokens;\n\nclass User extends Authenticatable\n{\n    use HasApiTokens, HasFactory, Notifiable;\n\n    /**\n     * The attributes that are mass assignable.\n     *\n     * @var array<int, string>\n     */\n    protected $fillable = [\n        'name',\n        'email',\n        'password',\n    ];\n\n    /**\n     * The attributes that should be hidden for serialization.\n     *\n     * @var array<int, string>\n     */\n    protected $hidden = [\n        'password',\n        'remember_token',\n    ];\n\n    /**\n     * Get the attributes that should be cast.\n     *\n     * @return array<string, string>\n     */\n    protected function casts(): array\n    {\n        return [\n            'email_verified_at' => 'datetime',\n            'password' => 'hashed',\n        ];\n    }\n\n    /**\n     * ユーザーが登録した書籍\n     */\n    public function books(): HasMany\n    {\n        return $this->hasMany(Book::class);\n    }\n\n    /**\n     * ユーザーが投稿したレビュー\n     */\n    public function reviews(): HasMany\n    {\n        return $this->hasMany(Review::class);\n    }\n\n    /**\n     * ユーザーがお気に入りに登録した書籍\n     */\n    public function favoriteBooks(): BelongsToMany\n    {\n        return $this->belongsToMany(Book::class, 'favorites');\n    }\n\n    /**\n     * ユーザーがいいねしたレビュー\n     */\n    public function likedReviews(): BelongsToMany\n    {\n        return $this->belongsToMany(Review::class, 'review_likes');\n    }\n\n    /**\n     * ユーザーが立てた読書計画\n     */\n    public function readingPlans(): HasMany\n    {\n        return $this->hasMany(ReadingPlan::class);\n    }\n}\n			
Chapter 03: 「データベースの通訳者」 - モデルとリレーションシップ	コードの実装	3.2.5. Favorite モデル	<?php\n\nnamespace App\Models;\n\nuse Illuminate\Database\Eloquent\Model;\nuse Illuminate\Database\Eloquent\Relations\BelongsTo;\n\nclass Favorite extends Model\n{\n    /**\n     * The attributes that are mass assignable.\n     *\n     * @var array<int, string>\n     */\n    protected $fillable = [\n        'user_id',\n        'book_id',\n    ];\n\n    /**\n     * お気に入りを登録したユーザー\n     */\n    public function user(): BelongsTo\n    {\n        return $this->belongsTo(User::class);\n    }\n\n    /**\n     * お気に入りに登録された書籍\n     */\n    public function book(): BelongsTo\n    {\n        return $this->belongsTo(Book::class);\n    }\n}			こちら応用版でも同じ複合主キー構造に戻して統一となったので、基本版に限らず応用版でも不要になる認識です。\n応用版の手順書には作成手順が記載されていたので、修正前に念の為ご確認いただきたいです。	
Chapter 03: 「データベースの通訳者」 - モデルとリレーションシップ	コードの実装	3.2.6. ReviewLike モデル	<?php\n\nnamespace App\Models;\n\nuse Illuminate\Database\Eloquent\Model;\nuse Illuminate\Database\Eloquent\Relations\BelongsTo;\n\nclass ReviewLike extends Model\n{\n    /**\n     * The attributes that are mass assignable.\n     *\n     * @var array<int, string>\n     */\n    protected $fillable = [\n        'user_id',\n        'review_id',\n    ];\n\n    /**\n     * いいねしたユーザー\n     */\n    public function user(): BelongsTo\n    {\n        return $this->belongsTo(User::class);\n    }\n\n    /**\n     * いいねされたレビュー\n     */\n    public function review(): BelongsTo\n    {\n        return $this->belongsTo(Review::class);\n    }\n}			こちら応用版でも同じ複合主キー構造に戻して統一となったので、基本版に限らず応用版でも不要になる認識です。\n応用版の手順書には作成手順が記載されていたので、修正前に念の為ご確認いただきたいです。	
Chapter 03: 「データベースの通訳者」 - モデルとリレーションシップ	コードの実装	3.2.5. ReadingPlan モデル		<?php\n\nnamespace App\Models;\n\nuse App\Enums\ReadingPlanStatus;\nuse Illuminate\Database\Eloquent\Builder;\nuse Illuminate\Database\Eloquent\Factories\HasFactory;\nuse Illuminate\Database\Eloquent\Model;\nuse Illuminate\Database\Eloquent\Relations\BelongsTo;\n\nclass ReadingPlan extends Model\n{\n    use HasFactory;\n   \n    protected $fillable = [\n        'user_id',\n        'book_id',\n        'target_date',\n        'status',\n        'completed_at',\n    ];\n\n    protected $casts = [\n        'target_date' => 'date',\n        'status' => ReadingPlanStatus::class,\n        'completed_at' => 'datetime',\n    ];\n\n    public function user(): BelongsTo\n    {\n        return $this->belongsTo(User::class);\n    }\n\n    public function book(): BelongsTo\n    {\n        return $this->belongsTo(Book::class);\n    }\n\n    public function scopeActive(Builder $query): Builder\n    {\n        return $query->where('status', ReadingPlanStatus::InProgress);\n    }\n\n    public function scopeCompleted(Builder $query): Builder\n    {\n        return $query->where('status', ReadingPlanStatus::Completed);\n    }\n\n     public function scopeExpired(Builder $query): Builder\n    {\n        return $query->where('status', ReadingPlanStatus::Expired);\n    }\n}\n		3.2.5. Favorite モデル\n3.2.6. ReviewLike モデル\n上記の理由につき削除した場合は、\nこちらの番号を3.2.5. ReadingPlan モデルで追記をお願いいたします。\n	
Chapter 03: 「データベースの通訳者」 - モデルとリレーションシップ	このChapterのまとめ		Favorite・ReviewLike モデル	Favorite・ReviewLike モデルの削除をお願いいたします。\n\nReadingPlan モデルの追加をお願いいたします。\n\nReadingPlan/reading_plans/BelongsTo（user,book）/$casts で target_date を date、status を ReadingPlanStatus Enum、completed_at を datetime に変換。active ・ completed ・ expired スコープを定義。			
Chapter 04: 「エンジンとボディ」 - 認証機能の実装	 実装の手順		4.4. auth.php の作成（認証ルートの分離）\n4.5. FortifyServiceProvider の編集\n4.6. RouteServiceProvider の編集\n4.7. CreateNewUser.php の更新			後続のコードに明記があるため、こちらは不要。	
Chapter 05: 「開店前の仕込み」 - マスタデータの準備	実装の手順	5.1. Seederファイルの作成\nsail artisan make:seeder UserSeeder	sail artisan make:seeder UserSeeder\nsail artisan make:seeder GenreSeeder\nsail artisan make:seeder BookSeeder\nsail artisan make:seeder ReviewSeeder\nsail artisan make:seeder FavoriteSeeder\nsail artisan make:seeder ReviewLikeSeeder\nこれにより、database/seeders ディレクトリに6つのファイルが作成されます。	sail artisan make:seeder UserSeeder\nsail artisan make:seeder GenreSeeder\nsail artisan make:seeder BookSeeder\nsail artisan make:seeder ReviewSeeder\nsail artisan make:seeder FavoriteSeeder\nsail artisan make:seeder ReviewLikeSeeder\nsail artisan make:seeder ReadingPlanSeeder\nこれにより、database/seeders ディレクトリに7つのファイルが作成されます。\n		追加・修正をお願いいたします。	
Chapter 05: 「開店前の仕込み」 - マスタデータの準備	なぜこう作るのか？	Seeder の実行順序が重要な理由	重要：応用版（Advanced）の実行順序 応用版の DatabaseSeeder では GenreSeeder を最初に、次に UserSeeder の順で実行します。これは BookSeeder がジャンル情報も使用するため、ジャンルデータが先に存在している必要があるためです。	重要：応用版（Advanced）の実行順序 応用版の DatabaseSeeder では、UserSeeder、GenreSeeder の順で実行し、その後に BookSeeder を実行します。これは、BookSeeder がユーザー情報とジャンル情報の両方を参照するため、それぞれのデータが先に作成されている必要があるためです。			
Chapter 05: 「開店前の仕込み」 - マスタデータの準備	なぜこう作るのか？	Seeder の実行順序が重要な理由	GenreSeeder → UserSeeder → BookSeeder → ReviewSeeder → FavoriteSeeder → ReviewLikeSeeder	UserSeeder →GenreSeeder →  BookSeeder → ReviewSeeder → FavoriteSeeder → ReviewLikeSeeder→ReadingPlanSeeder			
Chapter 05: 「開店前の仕込み」 - マスタデータの準備	なぜこう作るのか？	create() vs firstOrCreate()	完全手順書のSeederでは Model::create() を使用しています。これはSeederを migrate:fresh --seed で実行することを前提としているため、テーブルは常に空の状態です。一方、既存データがある状態で追加したい場合は firstOrCreate() が安全です。	今回のSeederでは、create() と firstOrCreate() を使い分けています。\nReviewSeeder や ReadingPlanSeeder のように新規データを作成する処理では create() を使用し、UserSeeder・GenreSeeder・BookSeeder のようにメールアドレス・ジャンル名・ISBNなどで重複を避けたいデータでは firstOrCreate() を使用しています。\nmigrate:fresh --seed で実行する場合はテーブルが空の状態から始まりますが、再実行や既存データがある状態も考慮する場合は firstOrCreate() を使うと安全です。			
Chapter 05: 「開店前の仕込み」 - マスタデータの準備	コードの実装	5.2.1. GenreSeeder	<?php\n\nnamespace Database\Seeders;\n\nuse App\Models\Genre;\nuse Illuminate\Database\Seeder;\n\nclass GenreSeeder extends Seeder\n{\n    public function run(): void\n    {\n        $genres = [\n            '小説',\n            'ビジネス',\n            '技術書',\n            '自己啓発',\n            'エッセイ',\n            '歴史',\n            '科学',\n            '芸術',\n            '料理',\n            '旅行',\n        ];\n\n        foreach ($genres as $name) {\n            Genre::create(['name' => $name]);\n        }\n    }\n}	<?php\n\nnamespace Database\Seeders;\n\nuse App\Models\Genre;\nuse Illuminate\Database\Seeder;\n\nclass GenreSeeder extends Seeder\n{\n    public function run(): void\n    {\n        $genres = [\n            '小説',\n            'ビジネス',\n            '技術書',\n            '自己啓発',\n            'エッセイ',\n            '歴史',\n            '科学',\n            '芸術',\n            '料理',\n            '旅行',\n        ];\n\n        foreach ($genres as $genre) {\n            Genre::firstOrCreate(['name' => $genre]);\n        }\n    }\n}\n		応用ではfirstOrCreateを使用しているため変更をお願いいたします。\n\n完全手順書と模範解答と合わせています	
Chapter 05: 「開店前の仕込み」 - マスタデータの準備	コードの実装	5.2.2. UserSeeder	<?php\n\nnamespace Database\Seeders;\n\nuse App\Models\User;\nuse Illuminate\Database\Seeder;\nuse Illuminate\Support\Facades\Hash;\n\nclass UserSeeder extends Seeder\n{\n    public function run(): void\n    {\n        $users = [\n            ['name' => '山田太郎', 'email' => 'yamada@example.com'],\n            ['name' => '鈴木花子', 'email' => 'suzuki@example.com'],\n            ['name' => '田中一郎', 'email' => 'tanaka@example.com'],\n            ['name' => '佐藤美咲', 'email' => 'sato@example.com'],\n            ['name' => '高橋健太', 'email' => 'takahashi@example.com'],\n        ];\n\n        foreach ($users as $userData) {\n            User::create([\n                'name' => $userData['name'],\n                'email' => $userData['email'],\n                'password' => Hash::make('password'),\n            ]);\n        }\n    }\n}	<?php\n\nnamespace Database\Seeders;\n\nuse App\Models\User;\nuse Illuminate\Database\Seeder;\nuse Illuminate\Support\Facades\Hash;\n\nclass UserSeeder extends Seeder\n{\n    public function run(): void\n    {\n        $users = [\n            [\n                'name' => '山田太郎',\n                'email' => 'yamada@example.com',\n                'password' => Hash::make('password'),\n            ],\n            [\n                'name' => '鈴木花子',\n                'email' => 'suzuki@example.com',\n                'password' => Hash::make('password'),\n            ],\n            [\n                'name' => '田中一郎',\n                'email' => 'tanaka@example.com',\n                'password' => Hash::make('password'),\n            ],\n            [\n                'name' => '佐藤美咲',\n                'email' => 'sato@example.com',\n                'password' => Hash::make('password'),\n            ],\n            [\n                'name' => '高橋健太',\n                'email' => 'takahashi@example.com',\n                'password' => Hash::make('password'),\n            ],\n        ];\n\n        foreach ($users as $user) {\n            User::firstOrCreate(\n                ['email' => $user['email']],\n                $user\n            );\n        }\n    }\n}\n		応用ではfirstOrCreateを使用しているため変更をお願いいたします。\n\n完全手順書と模範解答と合わせています	
Chapter 05: 「開店前の仕込み」 - マスタデータの準備	コードの実装	5.2.3. BookSeeder	<?php\n\nnamespace Database\Seeders;\n\nuse App\Models\Book;\nuse App\Models\Genre;\nuse App\Models\User;\nuse Illuminate\Database\Seeder;\n\nclass BookSeeder extends Seeder\n{\n    public function run(): void\n    {\n        $users = User::all();\n        $genres = Genre::all();\n\n        $books = [\n            [\n                'title' => '吾輩は猫である',\n                'author' => '夏目漱石',\n                'isbn' => '9784101010014',\n                'published_date' => '1905-01-01',\n                'description' => '中学校の英語教師である珍野苦沙弥先生の家に飼われている猫の視点から、人間社会を風刺的に描いた作品。',\n                'image_url' => 'https://placehold.co/200x300/e2e8f0/475569?text=1',\n                'genres' => ['小説'],\n            ],\n            [\n                'title' => '人を動かす',\n                'author' => 'D・カーネギー',\n                'isbn' => '9784422100524',\n                'published_date' => '1936-10-01',\n                'description' => '人間関係の古典として、あらゆる自己啓発本の原点となったベストセラー。',\n                'image_url' => 'https://placehold.co/200x300/e2e8f0/475569?text=2',\n                'genres' => ['ビジネス', '自己啓発'],\n            ],\n            [\n                'title' => 'リーダブルコード',\n                'author' => 'Dustin Boswell',\n                'isbn' => '9784873115658',\n                'published_date' => '2012-06-23',\n                'description' => 'より良いコードを書くためのシンプルで実践的なテクニックを紹介。',\n                'image_url' => 'https://placehold.co/200x300/e2e8f0/475569?text=3',\n                'genres' => ['技術書'],\n            ],\n            [\n                'title' => '7つの習慣',\n                'author' => 'スティーブン・R・コヴィー',\n                'isbn' => '9784863940246',\n                'published_date' => '2013-08-30',\n                'description' => '人格主義の回復を訴え、真の成功を得るための7つの習慣を説く。',\n                'image_url' => 'https://placehold.co/200x300/e2e8f0/475569?text=4',\n                'genres' => ['ビジネス', '自己啓発'],\n            ],\n            [\n                'title' => '坊っちゃん',\n                'author' => '夏目漱石',\n                'isbn' => '9784101010021',\n                'published_date' => '1906-04-01',\n                'description' => '四国の中学校に赴任した江戸っ子の数学教師「坊っちゃん」の物語。',\n                'image_url' => 'https://placehold.co/200x300/e2e8f0/475569?text=5',\n                'genres' => ['小説'],\n            ],\n            [\n                'title' => 'サピエンス全史',\n                'author' => 'ユヴァル・ノア・ハラリ',\n                'isbn' => '9784309226712',\n                'published_date' => '2016-09-08',\n                'description' => 'なぜ人類だけが文明を築けたのか？その謎を解き明かす世界的ベストセラー。',\n                'image_url' => 'https://placehold.co/200x300/e2e8f0/475569?text=6',\n                'genres' => ['歴史', '科学'],\n            ],\n            [\n                'title' => 'Clean Code',\n                'author' => 'Robert C. Martin',\n                'isbn' => '9784048930598',\n                'published_date' => '2017-12-18',\n                'description' => 'アジャイルソフトウェア達人の技。クリーンなコードを書くための実践的ガイド。',\n                'image_url' => 'https://placehold.co/200x300/e2e8f0/475569?text=7',\n                'genres' => ['技術書'],\n            ],\n            [\n                'title' => '嫌われる勇気',\n                'author' => '岸見一郎・古賀史健',\n                'isbn' => '9784478025819',\n                'published_date' => '2013-12-13',\n                'description' => 'アドラー心理学を対話形式でわかりや���く解説した自己啓発書。',\n                'image_url' => 'https://placehold.co/200x300/e2e8f0/475569?text=8',\n                'genres' => ['自己啓発'],\n            ],\n            [\n                'title' => '火花',\n                'author' => '又吉直樹',\n                'isbn' => '9784163902302',\n                'published_date' => '2015-03-11',\n                'description' => '芥川賞受賞作。売れない芸人の青春と友情を描いた純文学。',\n                'image_url' => 'https://placehold.co/200x300/e2e8f0/475569?text=9',\n                'genres' => ['小説'],\n            ],\n            [\n                'title' => 'FACTFULNESS',\n                'author' => 'ハンス・ロスリング',\n                'isbn' => '9784822289607',\n                'published_date' => '2019-01-11',\n                'description' => '10の思い込みを乗り越え、データを基に世界を正しく見る習慣。',\n                'image_url' => 'https://placehold.co/200x300/e2e8f0/475569?text=10',\n                'genres' => ['ビジネス', '科学'],\n            ],\n            [\n                'title' => 'コンテナ物語',\n                'author' => 'マルク・レビンソン',\n                'isbn' => '9784822245566',\n                'published_date' => '2007-01-18',\n                'description' => '世界を変えたのは「箱」の発明だった。物流革命の歴史。',\n                'image_url' => 'https://placehold.co/200x300/e2e8f0/475569?text=11',\n                'genres' => ['ビジネス', '歴史'],\n            ],\n        ];\n\n        foreach ($books as $bookData) {\n            $book = Book::create([\n                'user_id' => $users->random()->id,\n                'title' => $bookData['title'],\n                'author' => $bookData['author'],\n                'isbn' => $bookData['isbn'],\n                'published_date' => $bookData['published_date'],\n                'description' => $bookData['description'],\n                'image_url' => $bookData['image_url'],\n            ]);\n\n            $genreIds = $genres->whereIn('name', $bookData['genres'])->pluck('id');\n            $book->genres()->attach($genreIds);\n        }\n    }\n}	<?php\n\nnamespace Database\Seeders;\n\nuse App\Models\Book;\nuse App\Models\Genre;\nuse App\Models\User;\nuse Illuminate\Database\Seeder;\n\nclass BookSeeder extends Seeder\n{\n    public function run(): void\n    {\n        $users = User::all();\n\n        $books = [\n            [\n                'title' => '吾輩は猫である',\n                'author' => '夏目漱石',\n                'isbn' => '9784101010014',\n                'published_date' => '1905-01-01',\n                'description' => '中学校の英語教師である珍野苦沙弥の家に飼われている猫である「吾輩」の視点から、珍野一家や、そこに出入りする人々の様子を風刺的に描いた作品。',\n                'image_url' => 'https://placehold.co/200x300/e2e8f0/475569?text=1',\n                'genres' => ['小説'],\n            ],\n            [\n                'title' => '人を動かす',\n                'author' => 'D・カーネギー',\n                'isbn' => '9784422100524',\n                'published_date' => '1936-10-01',\n                'description' => '人間関係の古典として、あらゆる自己啓発本の原点となったデール・カーネギーの名著。',\n                'image_url' => 'https://placehold.co/200x300/e2e8f0/475569?text=2',\n                'genres' => ['ビジネス', '自己啓発'],\n            ],\n            [\n                'title' => 'リーダブルコード',\n                'author' => 'Dustin Boswell',\n                'isbn' => '9784873115658',\n                'published_date' => '2012-06-23',\n                'description' => 'より良いコードを書くためのシンプルで実践的なテクニックを紹介。',\n                'image_url' => 'https://placehold.co/200x300/e2e8f0/475569?text=3',\n                'genres' => ['技術書'],\n            ],\n            [\n                'title' => '7つの習慣',\n                'author' => 'スティーブン・R・コヴィー',\n                'isbn' => '9784863940246',\n                'published_date' => '2013-08-30',\n                'description' => '全世界3000万部、国内180万部を超えるベストセラー。人生を成功に導く7つの習慣を解説。',\n                'image_url' => 'https://placehold.co/200x300/e2e8f0/475569?text=4',\n                'genres' => ['ビジネス', '自己啓発'],\n            ],\n            [\n                'title' => '坊っちゃん',\n                'author' => '夏目漱石',\n                'isbn' => '9784101010021',\n                'published_date' => '1906-04-01',\n                'description' => '東京の物理学校を卒業後、四国の中学校に数学教師として赴任した主人公「坊っちゃん」の物語。',\n                'image_url' => 'https://placehold.co/200x300/e2e8f0/475569?text=5',\n                'genres' => ['小説'],\n            ],\n            [\n                'title' => 'サピエンス全史',\n                'author' => 'ユヴァル・ノア・ハラリ',\n                'isbn' => '9784309226712',\n                'published_date' => '2016-09-08',\n                'description' => 'なぜ人類だけが文明を築けたのか？ホモ・サピエンスの歴史を俯瞰する世界的ベストセラー。',\n                'image_url' => 'https://placehold.co/200x300/e2e8f0/475569?text=6',\n                'genres' => ['歴史', '科学'],\n            ],\n            [\n                'title' => 'Clean Code',\n                'author' => 'Robert C. Martin',\n                'isbn' => '9784048930598',\n                'published_date' => '2017-12-18',\n                'description' => 'アジャイルソフトウェア開発の奥義として、クリーンなコードを書くための原則を解説。',\n                'image_url' => 'https://placehold.co/200x300/e2e8f0/475569?text=7',\n                'genres' => ['技術書'],\n            ],\n            [\n                'title' => '嫌われる勇気',\n                'author' => '岸見一郎・古賀史健',\n                'isbn' => '9784478025819',\n                'published_date' => '2013-12-13',\n                'description' => 'アドラー心理学を対話形式でわかりやすく解説した自己啓発書のベストセラー。',\n                'image_url' => 'https://placehold.co/200x300/e2e8f0/475569?text=8',\n                'genres' => ['自己啓発'],\n            ],\n            [\n                'title' => '火花',\n                'author' => '又吉直樹',\n                'isbn' => '9784163902302',\n                'published_date' => '2015-03-11',\n                'description' => '芥川賞受賞作。売れない芸人の青春を描いた純文学作品。',\n                'image_url' => 'https://placehold.co/200x300/e2e8f0/475569?text=9',\n                'genres' => ['小説'],\n            ],\n            [\n                'title' => 'FACTFULNESS',\n                'author' => 'ハンス・ロスリング',\n                'isbn' => '9784822289607',\n                'published_date' => '2019-01-11',\n                'description' => 'データを基に世界を正しく見る習慣を身につける。思い込みを乗り越え、世界を正しく見る方法。',\n                'image_url' => 'https://placehold.co/200x300/e2e8f0/475569?text=10',\n                'genres' => ['ビジネス', '科学'],\n            ],\n            [\n                'title' => 'コンテナ物語',\n                'author' => 'マルク・レビンソン',\n                'isbn' => '9784822251468',\n                'published_date' => '2007-01-18',\n                'description' => 'コンテナが世界を変えた。物流革命の歴史を描いたノンフィクション。',\n                'image_url' => 'https://placehold.co/200x300/e2e8f0/475569?text=11',\n                'genres' => ['ビジネス', '歴史'],\n            ],\n        ];\n\n        foreach ($books as $bookData) {\n            $genreNames = $bookData['genres'];\n            unset($bookData['genres']);\n\n            $book = Book::firstOrCreate(\n                ['isbn' => $bookData['isbn']],\n                array_merge($bookData, ['user_id' => $users->random()->id])\n            );\n\n            // ジャンルを紐付け\n            $genreIds = Genre::whereIn('name', $genreNames)->pluck('id')->toArray();\n            $book->genres()->sync($genreIds);\n        }\n    }\n}\n		応用ではfirstOrCreateを使用しているため変更をお願いいたします。	
Chapter 05: 「開店前の仕込み」 - マスタデータの準備	コードの実装	5.2.5. FavoriteSeeder	<?php\n\nnamespace Database\Seeders;\n\nuse App\Models\Book;\nuse App\Models\User;\nuse Illuminate\Database\Seeder;\n\nclass FavoriteSeeder extends Seeder\n{\n    public function run(): void\n    {\n        $users = User::all();\n        $books = Book::all();\n\n        foreach ($users as $user) {\n            $favoriteCount = rand(3, 5);\n            $favoriteBooks = $books->random($favoriteCount);\n            $user->favoriteBooks()->attach($favoriteBooks->pluck('id'));\n        }\n    }\n}	<?php\n\nnamespace Database\Seeders;\n\nuse App\Models\Book;\nuse App\Models\User;\nuse Illuminate\Database\Seeder;\n\nclass FavoriteSeeder extends Seeder\n{\n    public function run(): void\n    {\n        $users = User::all();\n        $books = Book::all();\n\n        $favorites = [\n            ['user_index' => 0, 'book_indices' => [0, 2, 5, 9]],\n            ['user_index' => 1, 'book_indices' => [1, 3, 5, 7]],\n            ['user_index' => 2, 'book_indices' => [0, 1, 7]],\n            ['user_index' => 3, 'book_indices' => [3, 4, 7, 8]],\n            ['user_index' => 4, 'book_indices' => [2, 5, 6, 9, 10]],\n        ];\n\n        foreach ($favorites as $favoriteData) {\n            $user = $users[$favoriteData['user_index']];\n            $bookIds = collect($favoriteData['book_indices'])->map(fn ($i) => $books[$i]->id)->toArray();\n            $user->favoriteBooks()->syncWithoutDetaching($bookIds);\n        }\n    }\n}\n		完全手順書と模範解答と合わせています	
Chapter 05: 「開店前の仕込み」 - マスタデータの準備	コードの実装	5.2.6. ReviewLikeSeeder	<?php\n\nnamespace Database\Seeders;\n\nuse App\Models\Review;\nuse App\Models\User;\nuse Illuminate\Database\Seeder;\n\nclass ReviewLikeSeeder extends Seeder\n{\n    public function run(): void\n    {\n        $users = User::all();\n        $reviews = Review::all();\n\n        foreach ($reviews as $review) {\n            $candidates = $users->where('id', '!=', $review->user_id);\n            $maxLikes = min(3, $candidates->count());\n            $likeCount = rand(0, $maxLikes);\n            if ($likeCount > 0) {\n                $likers = $candidates->random($likeCount);\n                $review->likedByUsers()->attach($likers->pluck('id'));\n            }\n        }\n    }\n}	<?php\n\nnamespace Database\Seeders;\n\nuse App\Models\Review;\nuse App\Models\User;\nuse Illuminate\Database\Seeder;\n\nclass ReviewLikeSeeder extends Seeder\n{\n    public function run(): void\n    {\n        $users = User::all();\n        $reviews = Review::all();\n\n        foreach ($reviews as $review) {\n            $likeCount = rand(0, 3);\n            $likeUsers = $users->where('id', '!=', $review->user_id)->random(min($likeCount, $users->count() - 1));\n\n            foreach ($likeUsers as $user) {\n                $user->likedReviews()->syncWithoutDetaching([$review->id]);\n            }\n        }\n    }\n}\n		完全手順書と模範解答と合わせています	
Chapter 05: 「開店前の仕込み」 - マスタデータの準備	コードの実装	5.2.7. ReadingPlanSeeder		<?php\n\nnamespace Database\Seeders;\n\nuse App\Enums\ReadingPlanStatus;\nuse App\Models\Book;\nuse App\Models\ReadingPlan;\nuse App\Models\User;\nuse Carbon\Carbon;\nuse Illuminate\Database\Seeder;\n\nclass ReadingPlanSeeder extends Seeder\n{\n    /**\n     * 読書計画のシードデータを投入する。\n     *\n     * 採点者がいつ実行しても同じ挙動になるよう、Carbon::today() 起点で動的に target_date を設定する。\n     * 採点時の動作確認効率を考慮し、主要シナリオ（リマインダー / Auto-expire / 完了済み等）は山田太郎 1 ユーザーに集約する。\n     * 鈴木花子に 1 計画を最後に追加し、他ユーザー認可テスト用とする（ID = 6）。\n     */\n    public function run(): void\n    {\n        $today = Carbon::today();\n        $books = Book::all();\n\n        // 山田太郎（主要シナリオ集約: ID 1〜5）\n        $yamada = User::where('email', 'yamada@example.com')->first();\n        $yamadaPlans = [\n            // 1. 期日 3 日後 / in_progress → 3 日前リマインダー対象\n            ['target_date' => $today->copy()->addDays(3), 'status' => ReadingPlanStatus::InProgress, 'completed_at' => null],\n            // 2. 期日当日 / in_progress → 当日リマインダー対象\n            ['target_date' => $today->copy(), 'status' => ReadingPlanStatus::InProgress, 'completed_at' => null],\n            // 3. 期日 3 日前 / in_progress → バッチで Auto-expire 化 + 3 日後再エンゲージメント対象（二重シナリオ）\n            ['target_date' => $today->copy()->subDays(3), 'status' => ReadingPlanStatus::InProgress, 'completed_at' => null],\n            // 4. 期日 7 日後 / in_progress → リマインダー対象外\n            ['target_date' => $today->copy()->addDays(7), 'status' => ReadingPlanStatus::InProgress, 'completed_at' => null],\n            // 5. 期日 10 日前 / completed → 完了済み（編集不可・絞り込み確認用）\n            ['target_date' => $today->copy()->subDays(10), 'status' => ReadingPlanStatus::Completed, 'completed_at' => $today->copy()->subDays(5)],\n        ];\n        foreach ($yamadaPlans as $i => $plan) {\n            ReadingPlan::create([\n                'user_id' => $yamada->id,\n                'book_id' => $books[$i]->id,\n                'target_date' => $plan['target_date'],\n                'status' => $plan['status'],\n                'completed_at' => $plan['completed_at'],\n            ]);\n        }\n\n        // 鈴木花子（他ユーザー認可テスト用: ID 6）\n        // 山田太郎ログイン中に URL `/reading-plans/6/edit` を直打ちして 403 確認するためのデータ\n        $suzuki = User::where('email', 'suzuki@example.com')->first();\n        ReadingPlan::create([\n            'user_id' => $suzuki->id,\n            'book_id' => $books[5]->id,\n            'target_date' => $today->copy()->addDays(5),\n            'status' => ReadingPlanStatus::InProgress,\n            'completed_at' => null,\n        ]);\n    }\n}\n		ReadingPlanSeeder\n\nの追加をお願いいたします。	
Chapter 05: 「開店前の仕込み」 - マスタデータの準備	コードの実装	5.3. DatabaseSeeder への登録	<?php\n\nnamespace Database\Seeders;\n\nuse Illuminate\Database\Seeder;\n\nclass DatabaseSeeder extends Seeder\n{\n    public function run(): void\n    {\n        $this->call([\n            GenreSeeder::class,\n            UserSeeder::class,\n            BookSeeder::class,\n            ReviewSeeder::class,\n            FavoriteSeeder::class,\n            ReviewLikeSeeder::class,\n        ]);\n    }\n}	<?php\n\nnamespace Database\Seeders;\n\nuse Illuminate\Database\Seeder;\n\nclass DatabaseSeeder extends Seeder\n{\n    public function run(): void\n    {\n        // 依存関係を考慮して実行順序を変更\n        $this->call([\n            UserSeeder::class,       \n            GenreSeeder::class,      \n            BookSeeder::class,        \n            ReviewSeeder::class,      \n            FavoriteSeeder::class,    \n            ReviewLikeSeeder::class,  \n            ReadingPlanSeeder::class, \n        ]);\n    }\n}\n		ReadingPlanSeeder::class, \n\nの追加をお願いいたします。	
Chapter 05: 「開店前の仕込み」 - マスタデータの準備	コードの実装	5.3. DatabaseSeeder への登録	重要: 応用版（Advanced）では GenreSeeder を最初に 実行します。BookSeeder がジャンルデータに依存しているためです。	注意: 依存関係を考慮した順番に呼び出す。		基礎も応用もUserSeederとGenreSeederが先に実行されていればいいので、要件の表現に合わせてみました。	
Chapter 05: 「開店前の仕込み」 - マスタデータの準備	コードリーディング	BookSeeder の主要ロジック	$genres = Genre::all()：全ジャンルをコレクションとして取得。ジャンル名からIDを検索するために使用します。			模範解答に合わせるのでしたら、\n$genreIds = Genre::whereIn('name', $genreNames)->pluck('id')->toArray();\nここで直接取得してそうです。\nご確認・修正をお願いいたします。	
Chapter 05: 「開店前の仕込み」 - マスタデータの準備	コードリーディング	BookSeeder の主要ロジック	$genres->whereIn('name', $bookData['genres'])->pluck('id')：\nジャンル名の配列から対応するジャンルIDの配列を取得します。whereIn はコレクションのフィルタメソッドです。			模範解答に合わせるのでしたら、\n実際のコードは Genre::whereIn()になっています。ご確認・修正をお願いいたします。\n	
Chapter 05: 「開店前の仕込み」 - マスタデータの準備	コードリーディング	BookSeeder の主要ロジック	$book->genres()->attach($genreIds)：book_genre 中間テーブルにレコードを挿入し、書籍とジャンルを紐付けます。\n			模範解答に合わせるのでしたら、\n実際のコードは sync()になっています。ご確認・修正をお願いいたします。\n	
Chapter 05: 「開店前の仕込み」 - マスタデータの準備	コードリーディング	ReviewLikeSeeder の主要ロジック	$candidates = $users->where('id', '!=', $review->user_id)	$users->where('id', '!=', $review->user_id)		模範解答に合わせるのでしたら、ご確認・修正をお願いいたします。	
Chapter 05: 「開店前の仕込み」 - マスタデータの準備	コードリーディング	ReviewLikeSeeder の主要ロジック	$candidates->random($likeCount)：候補の中からランダムに $likeCount 人を選びます。	random(min($likeCount, $users->count() - 1))：候補ユーザーの中から、$likeCount 人を上限としてランダムに選びます。\nただし、選択人数が候補ユーザー数を超えないように min() で調整しています。		模範解答に合わせるのでしたら、ご確認・修正をお願いいたします。	
Chapter 05: 「開店前の仕込み」 - マスタデータの準備	コードリーディング	ReviewLikeSeeder の主要ロジック	$review->likedByUsers()->attach($likers->pluck('id'))	likedReviews()->syncWithoutDetaching([$review->id])		模範解答に合わせるのでしたら、ご確認・修正をお願いいたします。	
Chapter 05: 「開店前の仕込み」 - マスタデータの準備	コードリーディング	DatabaseSeeder の実行順序	GenreSeeder      → ジャンルマスタ（依存なし）\n  ↓\nUserSeeder       → ユーザー（依存なし）\n  ↓\nBookSeeder       → 書籍（ユーザー + ジャンルに依存）\n  ↓\nReviewSeeder     → レビュー（ユーザー + 書籍に依存）\n  ↓\nFavoriteSeeder   → お気に入り（ユーザー + 書籍に依存）\n  ↓\nReviewLikeSeeder → いいね（ユーザー + レビューに依存）	UserSeeder        → ユーザー（依存なし）\n  ↓\nGenreSeeder       → ジャンルマスタ（依存なし）\n  ↓\nBookSeeder        → 書籍（ユーザー + ジャンルに依存）\n  ↓\nReviewSeeder      → レビュー（ユーザー + 書籍に依存）\n  ↓\nFavoriteSeeder    → お気に入り（ユーザー + 書籍に依存）\n  ↓\nReviewLikeSeeder  → いいね（ユーザー + レビューに依存）\n  ↓\nReadingPlanSeeder → 読書計画（ユーザー + 書籍に依存）			
Chapter 05: 「開店前の仕込み」 - マスタデータの準備	動作確認			読書計画　reading_plans テーブルに6件のレコードがあり、山田太郎に5件、鈴木花子に1件紐づいていること		追加をお願いいたします。	
Chapter 05: 「開店前の仕込み」 - マスタデータの準備	このChapterのまとめ			ReadingPlanSeeder　読書計画6件　User, Book		追加をお願いいたします。	
Chapter 06: アプリケーションの中核 - 書籍管理機能CRUDを実装する	2. 要件の確認	画面・操作一覧	書籍一覧表示\n書籍登録フォーム\n書籍登録処理\n書籍詳細表示\n書籍編集フォーム\n書籍更新処理\n書籍削除処理	書籍一覧画面表示\n書籍登録画面表示\n書籍登録処理\n書籍詳細画面表示\n書籍編集画面表示\n書籍更新処理\n書籍削除処理			
Chapter 06: アプリケーションの中核 - 書籍管理機能CRUDを実装する	2. 要件の確認	バリデーションルール	required / string / size:13 / unique	required / string / size:13 / unique:books,isbn			
Chapter 06: アプリケーションの中核 - 書籍管理機能CRUDを実装する	2. 要件の確認	バリデーションルール	エラーメッセージ	エラーメッセージ（詳細は応用機能編_完全手順書.mdを参照）		エラーメッセージは完全手順書に記載があるためこちらでは一部のみ記載という方針でしょうか？\nその場合、補足をしておくと良さそうです。	
Chapter 06: アプリケーションの中核 - 書籍管理機能CRUDを実装する	4. 実装 	ルート定義の作成 (routes/web.php)	注意: この時点では ISBN 検索ルート（Step 16）やマイ読書レポートルート（Step 17）は未定義です。これらは該当チャプターで追加します。ただし、提供 Blade（navigation.blade.php）がこれらのルートを参照している場合は、Step 15〜17 を実装するまで一部のページでエラーが出る可能性があります。			Step 18・19も未定義ですと追加しなくてもいいでしょうか？ご確認お願いいたします。	
Chapter 06: アプリケーションの中核 - 書籍管理機能CRUDを実装する	4. 実装 	4.3. FormRequestの作成	app/Http/Requests/StoreBookRequest.php：\n\n<?php\n\nnamespace App\Http\Requests;\n\nuse Illuminate\Foundation\Http\FormRequest;\n\nclass StoreBookRequest extends FormRequest\n{\n    public function authorize(): bool\n    {\n        return true;\n    }\n\n    public function rules(): array\n    {\n        return [\n            'title' => ['required', 'string', 'max:255'],\n            'author' => ['required', 'string', 'max:255'],\n            'isbn' => ['nullable', 'string', 'size:13', 'unique:books'],\n            'published_date' => ['nullable', 'date'],\n            'description' => ['nullable', 'string'],\n            'image_url' => ['nullable', 'url', 'max:255'],\n            'genres' => ['required', 'array'],\n            'genres.*' => ['exists:genres,id'],\n        ];\n    }\n\n    public function messages(): array\n    {\n        return [\n            'title.required' => 'タイトルは必須です。',\n            'title.string' => 'タイトルは文字列で入力してください。',\n            'title.max' => 'タイトルは255文字以内で入力してください。',\n            'author.required' => '著者名は必須です。',\n            'author.string' => '著者名は文字列で入力してください。',\n            'author.max' => '著者名は255文字以内で入力してください。',\n            'isbn.string' => 'ISBNは文字列で入力してください。',\n            'isbn.size' => 'ISBNは13桁で入力してください。',\n            'isbn.unique' => 'そのISBNは既に使用されています。',\n            'published_date.date' => '出版日は有効な日付形式で入力してください。',\n            'description.string' => '説明は文字列で入力してください。',\n            'image_url.url' => '画像URLは有効なURL形式で入力してください。',\n            'image_url.max' => '画像URLは255文字以内で入力してください。',\n            'genres.required' => 'ジャンルは1つ以上選択してください。',\n            'genres.array' => 'ジャンルは配列で入力してください。',\n            'genres.*.exists' => '選択されたジャンルは存在しません。',\n        ];\n    }\n}	app/Http/Requests/StoreBookRequest.php：\n\n\n<?php\n\nnamespace App\Http\Requests;\n\nuse Illuminate\Foundation\Http\FormRequest;\n\nclass StoreBookRequest extends FormRequest\n{\n    public function authorize(): bool\n    {\n        return true;\n    }\n\n    public function rules(): array\n    {\n        return [\n            'title' => ['required', 'string', 'max:255'],\n            'author' => ['required', 'string', 'max:255'],\n            'isbn' => ['nullable', 'string', 'size:13', 'unique:books,isbn'],\n            'published_date' => ['nullable', 'date'],\n            'description' => ['nullable', 'string'],\n            'image_url' => ['nullable', 'url', 'max:255'],\n            'genres' => ['required', 'array'],\n            'genres.*' => ['exists:genres,id'],\n        ];\n    }\n\n    public function messages(): array\n    {\n        return [\n            'title.required' => 'タイトルは必須です。',\n            'title.string' => 'タイトルは文字列で入力してください。',\n            'title.max' => 'タイトルは255文字以内で入力してください。',\n            'author.required' => '著者名は必須です。',\n            'author.string' => '著者名は文字列で入力してください。',\n            'author.max' => '著者名は255文字以内で入力してください。',\n            'isbn.string' => 'ISBNは文字列で入力してください。',\n            'isbn.size' => 'ISBNは13桁で入力してください。',\n            'isbn.unique' => 'そのISBNは既に使用されています。',\n            'published_date.date' => '出版日は有効な日付形式で入力してください。',\n            'description.string' => '説明は文字列で入力してください。',\n            'image_url.url' => '画像URLは有効なURL形式で入力してください。',\n            'image_url.max' => '画像URLは255文字以内で入力してください。',\n            'genres.required' => 'ジャンルは1つ以上選択してください。',\n            'genres.array' => 'ジャンルは配列で入力してください。',\n            'genres.*.exists' => '選択されたジャンルは存在しません。',\n        ];\n    }\n}\n			
Chapter 06: アプリケーションの中核 - 書籍管理機能CRUDを実装する	5. コードの詳細解説	BookController — 各メソッドの解説	index() — 書籍一覧表示：\n\n$books = Book::with('genres')->latest()->paginate(10);\n\n・Book::with('genres'): Eager Loading で書籍取得時にジャンルも同時取得。これがないと、Blade内で $book->genres にアクセスするたびにSQLが発行されるN+1問題が発生します\n・latest(): orderBy('created_at', 'desc') のショートカット。最新の書籍が先頭に\n・paginate(10): 10件ごとにページ分割。Bladeで {{ $books->links() }} と書くだけでページネーションリンクが表示されます	index() — 書籍一覧表示：\n\n$query = Book::with('genres');\n\n・Book::with('genres')：Eager Loading で書籍取得時にジャンルも同時取得。これがないと、Blade内で $book->genres にアクセスするたびにSQLが発行されるN+1問題が発生します\n・$query：検索・ジャンル絞り込み・並び替え条件を後から追加するためのクエリビルダ\n・基本版では latest()->paginate(10) を直接つなげていましたが、応用版では keyword・genre・sort の条件を追加できるよう、いったん $query に代入しています\n・最後に $query->paginate(10)->appends(request()->query()) で10件ごとにページ分割し、検索条件をページ遷移後も保持します		基本版で明記されているようです。\n応用版で考えてみたのですが、どうでしょうか？一度ご確認よろしくお願いいたします。\n	
Chapter 06: アプリケーションの中核 - 書籍管理機能CRUDを実装する	5. コードの詳細解説	BookController — 各メソッドの解説	destroy() — 書籍削除：\n\n・マイグレーションで cascadeOnDelete() を設定しているため、書籍を削除すると関連するレビュー・お気に入り・ジャンル紐付けも自動的に削除されます	destroy() — 書籍削除：\n\n・マイグレーションで onDelete('cascade') を設定しているため、書籍を削除すると関連するレビュー・お気に入り・ジャンル紐付けも自動的に削除されます			
Chapter 06: アプリケーションの中核 - 書籍管理機能CRUDを実装する	5. コードの詳細解説	StoreBookRequest / UpdateBookRequest — バリデーション	rules() メソッド — isbn の unique ルール：\n\n// StoreBookRequest: 新規登録は全レコードを対象にチェック\n'isbn' => ['nullable', 'string', 'size:13', 'unique:books'],	rules() メソッド — isbn の unique ルール：\n\n// StoreBookRequest: 新規登録は全レコードを対象にチェック\n'isbn' => ['nullable', 'string', 'size:13', 'unique:books,isbn'],			
							
							
							
							
							
							
							
							
							
							
							
							
							
							
							
							
							
							
							
							
							
							
							
							
							
							
							
							
							
							
							
							
							
							
							
							
							
							
							
							
							
							
							
							
							
							
							
							
							
							
							
							
							
							
							
							
							
							
							
							
							
							
							
							
							
							
							
							
							
							
							
							
							
							
							
							
							
							
							
							
							
							
							
							
							
							
							
							
							
							
							
							
							
							
							
							
							
							
							
							
							
							
							
							
							
							
							
							
							
							
							
							
							
							
							
							
							
							
							
							
							
							
							
							
							
							
							
							
							
							
							
							
							
							
							
							
							
							
							
							
							
							
							
							
							
							
							
							
							
							
							
							
							
							
							
							
							
							
							
							
							
							
							
							
							
							
							
							
							
							
							
							
							
							
							
							
							
							
							
							
基本機能編_要件定義書_基本設計書_詳細度100%：\n2. 環境構築手順	2.3　フロントエンドのセットアップ (Vite & Tailwind CSS)	2.　Tailwind CSSのインストール		下記追加：\nsail npm install alpinejs			
基本機能編_要件定義書_基本設計書_詳細度100%：\n2. 環境構築手順	2.5.　Sailの起動とエイリアス設定	4.　データベースのマイグレーションと初期データ投入		下記追加：\n以下のコマンドでテーブルを作成し、初期データを投入します。\nsail artisan migrate --seed\n\n※既存のデータベースをリセットしたい場合は以下を実行してください。\nsail artisan migrate:fresh --seed			
基本機能編_要件定義書_基本設計書_詳細度100%：\n3. 機能要件\n	認証	会員登録	メールアドレス、パスワード、名前でユーザー登録できる。	名前、メールアドレス、パスワード、確認用パスワードでユーザー登録できる。			
3.機能要件	3.1. 書籍管理機能 - 詳細仕様	3.1.1. 書籍登録機能\n画面遷移	1.[開始] ユーザーがヘッダーの「書籍登録」リンクをクリックする。	1.[開始] ユーザーが「新規登録」ボタンをクリックする。			
